category,yyyy,mm,platform_type,gmv
컴퓨터 및 주변기기,2017,1,mobile,"133,993"
가전·전자·통신기기,2017,1,mobile,"294,626"
서적,2017,1,mobile,"47,379"
사무·문구,2017,1,mobile,"15,959"
의복,2017,1,mobile,"467,093"
신발,2017,1,mobile,"61,269"
가방,2017,1,mobile,"99,665"
패션용품 및 액세서리,2017,1,mobile,"86,770"
스포츠·레저용품,2017,1,mobile,"96,891"
화장품,2017,1,mobile,"380,746"
아동·유아용품,2017,1,mobile,"183,143"
음·식료품,2017,1,mobile,"394,322"
농축수산물,2017,1,mobile,"142,230"
생활용품,2017,1,mobile,"346,900"
자동차 및 자동차용품,2017,1,mobile,"45,400"
가구,2017,1,mobile,"105,397"
애완용품,2017,1,mobile,"30,247"
여행 및 교통서비스,2017,1,mobile,"611,775"
문화 및 레저서비스,2017,1,mobile,"70,012"
e쿠폰서비스,2017,1,mobile,"74,432"
음식서비스,2017,1,mobile,"150,546"
기타서비스,2017,1,mobile,"23,788"
기타,2017,1,mobile,"57,713"
컴퓨터 및 주변기기,2017,1,web,"288,391"
가전·전자·통신기기,2017,1,web,"307,496"
서적,2017,1,web,"103,851"
사무·문구,2017,1,web,"37,233"
의복,2017,1,web,"397,422"
신발,2017,1,web,"42,529"
가방,2017,1,web,"43,978"
패션용품 및 액세서리,2017,1,web,"56,669"
스포츠·레저용품,2017,1,web,"104,489"
화장품,2017,1,web,"273,399"
아동·유아용품,2017,1,web,"76,647"
음·식료품,2017,1,web,"281,528"
농축수산물,2017,1,web,"116,799"
생활용품,2017,1,web,"245,410"
자동차 및 자동차용품,2017,1,web,"34,744"
가구,2017,1,web,"83,204"
애완용품,2017,1,web,"22,849"
여행 및 교통서비스,2017,1,web,"603,688"
문화 및 레저서비스,2017,1,web,"94,242"
e쿠폰서비스,2017,1,web,"14,216"
음식서비스,2017,1,web,"32,810"
기타서비스,2017,1,web,"41,810"
기타,2017,1,web,"86,780"
컴퓨터 및 주변기기,2017,2,mobile,"146,200"
가전·전자·통신기기,2017,2,mobile,"298,786"
서적,2017,2,mobile,"47,680"
사무·문구,2017,2,mobile,"18,854"
의복,2017,2,mobile,"445,567"
신발,2017,2,mobile,"73,655"
가방,2017,2,mobile,"110,077"
패션용품 및 액세서리,2017,2,mobile,"87,970"
스포츠·레저용품,2017,2,mobile,"100,947"
화장품,2017,2,mobile,"428,550"
아동·유아용품,2017,2,mobile,"180,770"
음·식료품,2017,2,mobile,"349,797"
농축수산물,2017,2,mobile,"100,582"
생활용품,2017,2,mobile,"354,823"
자동차 및 자동차용품,2017,2,mobile,"43,128"
가구,2017,2,mobile,"122,186"
애완용품,2017,2,mobile,"37,709"
여행 및 교통서비스,2017,2,mobile,"557,968"
문화 및 레저서비스,2017,2,mobile,"50,991"
e쿠폰서비스,2017,2,mobile,"69,089"
음식서비스,2017,2,mobile,"145,165"
기타서비스,2017,2,mobile,"18,125"
기타,2017,2,mobile,"61,409"
컴퓨터 및 주변기기,2017,2,web,"329,143"
가전·전자·통신기기,2017,2,web,"328,088"
서적,2017,2,web,"106,649"
사무·문구,2017,2,web,"41,550"
의복,2017,2,web,"382,105"
신발,2017,2,web,"44,976"
가방,2017,2,web,"53,127"
패션용품 및 액세서리,2017,2,web,"58,915"
스포츠·레저용품,2017,2,web,"106,163"
화장품,2017,2,web,"300,678"
아동·유아용품,2017,2,web,"81,434"
음·식료품,2017,2,web,"223,285"
농축수산물,2017,2,web,"66,964"
생활용품,2017,2,web,"252,296"
자동차 및 자동차용품,2017,2,web,"33,549"
가구,2017,2,web,"96,989"
애완용품,2017,2,web,"24,296"
여행 및 교통서비스,2017,2,web,"552,472"
문화 및 레저서비스,2017,2,web,"72,901"
e쿠폰서비스,2017,2,web,"11,707"
음식서비스,2017,2,web,"28,759"
기타서비스,2017,2,web,"22,608"
기타,2017,2,web,"80,170"
컴퓨터 및 주변기기,2017,3,mobile,"151,262"
가전·전자·통신기기,2017,3,mobile,"318,541"
서적,2017,3,mobile,"59,519"
사무·문구,2017,3,mobile,"24,255"
의복,2017,3,mobile,"563,752"
신발,2017,3,mobile,"97,495"
가방,2017,3,mobile,"114,633"
패션용품 및 액세서리,2017,3,mobile,"102,632"
스포츠·레저용품,2017,3,mobile,"128,655"
화장품,2017,3,mobile,"361,445"
아동·유아용품,2017,3,mobile,"204,856"
음·식료품,2017,3,mobile,"392,601"
농축수산물,2017,3,mobile,"121,835"
생활용품,2017,3,mobile,"353,374"
자동차 및 자동차용품,2017,3,mobile,"44,158"
가구,2017,3,mobile,"137,752"
애완용품,2017,3,mobile,"40,078"
여행 및 교통서비스,2017,3,mobile,"561,942"
문화 및 레저서비스,2017,3,mobile,"49,197"
e쿠폰서비스,2017,3,mobile,"77,872"
음식서비스,2017,3,mobile,"161,602"
기타서비스,2017,3,mobile,"16,120"
기타,2017,3,mobile,"77,987"
컴퓨터 및 주변기기,2017,3,web,"322,089"
가전·전자·통신기기,2017,3,web,"349,185"
서적,2017,3,web,"126,052"
사무·문구,2017,3,web,"45,751"
의복,2017,3,web,"478,990"
신발,2017,3,web,"55,799"
가방,2017,3,web,"54,028"
패션용품 및 액세서리,2017,3,web,"63,045"
스포츠·레저용품,2017,3,web,"128,706"
화장품,2017,3,web,"353,850"
아동·유아용품,2017,3,web,"95,343"
음·식료품,2017,3,web,"249,069"
농축수산물,2017,3,web,"72,315"
생활용품,2017,3,web,"266,119"
자동차 및 자동차용품,2017,3,web,"37,139"
가구,2017,3,web,"102,935"
애완용품,2017,3,web,"25,187"
여행 및 교통서비스,2017,3,web,"510,654"
문화 및 레저서비스,2017,3,web,"88,936"
e쿠폰서비스,2017,3,web,"12,277"
음식서비스,2017,3,web,"30,493"
기타서비스,2017,3,web,"19,826"
기타,2017,3,web,"97,661"
컴퓨터 및 주변기기,2017,4,mobile,"116,675"
가전·전자·통신기기,2017,4,mobile,"349,814"
서적,2017,4,mobile,"40,127"
사무·문구,2017,4,mobile,"20,233"
의복,2017,4,mobile,"531,625"
신발,2017,4,mobile,"97,379"
가방,2017,4,mobile,"112,149"
패션용품 및 액세서리,2017,4,mobile,"105,230"
스포츠·레저용품,2017,4,mobile,"147,775"
화장품,2017,4,mobile,"331,769"
아동·유아용품,2017,4,mobile,"203,032"
음·식료품,2017,4,mobile,"386,307"
농축수산물,2017,4,mobile,"110,327"
생활용품,2017,4,mobile,"328,595"
자동차 및 자동차용품,2017,4,mobile,"44,786"
가구,2017,4,mobile,"117,279"
애완용품,2017,4,mobile,"35,774"
여행 및 교통서비스,2017,4,mobile,"600,457"
문화 및 레저서비스,2017,4,mobile,"53,515"
e쿠폰서비스,2017,4,mobile,"72,727"
음식서비스,2017,4,mobile,"166,271"
기타서비스,2017,4,mobile,"31,704"
기타,2017,4,mobile,"72,425"
컴퓨터 및 주변기기,2017,4,web,"251,604"
가전·전자·통신기기,2017,4,web,"366,894"
서적,2017,4,web,"82,291"
사무·문구,2017,4,web,"41,721"
의복,2017,4,web,"441,022"
신발,2017,4,web,"54,249"
가방,2017,4,web,"47,250"
패션용품 및 액세서리,2017,4,web,"59,952"
스포츠·레저용품,2017,4,web,"135,380"
화장품,2017,4,web,"251,566"
아동·유아용품,2017,4,web,"90,564"
음·식료품,2017,4,web,"266,606"
농축수산물,2017,4,web,"65,812"
생활용품,2017,4,web,"246,729"
자동차 및 자동차용품,2017,4,web,"35,727"
가구,2017,4,web,"88,744"
애완용품,2017,4,web,"23,609"
여행 및 교통서비스,2017,4,web,"534,384"
문화 및 레저서비스,2017,4,web,"66,084"
e쿠폰서비스,2017,4,web,"12,206"
음식서비스,2017,4,web,"30,273"
기타서비스,2017,4,web,"21,513"
기타,2017,4,web,"90,639"
컴퓨터 및 주변기기,2017,5,mobile,"109,053"
가전·전자·통신기기,2017,5,mobile,"443,900"
서적,2017,5,mobile,"35,774"
사무·문구,2017,5,mobile,"17,810"
의복,2017,5,mobile,"539,150"
신발,2017,5,mobile,"104,765"
가방,2017,5,mobile,"107,327"
패션용품 및 액세서리,2017,5,mobile,"106,764"
스포츠·레저용품,2017,5,mobile,"154,683"
화장품,2017,5,mobile,"360,424"
아동·유아용품,2017,5,mobile,"198,011"
음·식료품,2017,5,mobile,"394,181"
농축수산물,2017,5,mobile,"112,058"
생활용품,2017,5,mobile,"352,665"
자동차 및 자동차용품,2017,5,mobile,"48,770"
가구,2017,5,mobile,"118,222"
애완용품,2017,5,mobile,"33,175"
여행 및 교통서비스,2017,5,mobile,"607,302"
문화 및 레저서비스,2017,5,mobile,"57,009"
e쿠폰서비스,2017,5,mobile,"83,982"
음식서비스,2017,5,mobile,"179,426"
기타서비스,2017,5,mobile,"25,133"
기타,2017,5,mobile,"72,441"
컴퓨터 및 주변기기,2017,5,web,"241,871"
가전·전자·통신기기,2017,5,web,"417,717"
서적,2017,5,web,"78,606"
사무·문구,2017,5,web,"39,428"
의복,2017,5,web,"439,084"
신발,2017,5,web,"55,797"
가방,2017,5,web,"45,044"
패션용품 및 액세서리,2017,5,web,"61,938"
스포츠·레저용품,2017,5,web,"138,288"
화장품,2017,5,web,"262,428"
아동·유아용품,2017,5,web,"76,554"
음·식료품,2017,5,web,"239,172"
농축수산물,2017,5,web,"63,704"
생활용품,2017,5,web,"247,892"
자동차 및 자동차용품,2017,5,web,"38,442"
가구,2017,5,web,"83,217"
애완용품,2017,5,web,"22,937"
여행 및 교통서비스,2017,5,web,"574,594"
문화 및 레저서비스,2017,5,web,"76,776"
e쿠폰서비스,2017,5,web,"14,631"
음식서비스,2017,5,web,"31,139"
기타서비스,2017,5,web,"18,357"
기타,2017,5,web,"92,076"
컴퓨터 및 주변기기,2017,6,mobile,"113,811"
가전·전자·통신기기,2017,6,mobile,"385,920"
서적,2017,6,mobile,"37,657"
사무·문구,2017,6,mobile,"18,181"
의복,2017,6,mobile,"515,569"
신발,2017,6,mobile,"101,494"
가방,2017,6,mobile,"105,539"
패션용품 및 액세서리,2017,6,mobile,"101,447"
스포츠·레저용품,2017,6,mobile,"151,484"
화장품,2017,6,mobile,"378,115"
아동·유아용품,2017,6,mobile,"183,591"
음·식료품,2017,6,mobile,"398,224"
농축수산물,2017,6,mobile,"114,736"
생활용품,2017,6,mobile,"350,978"
자동차 및 자동차용품,2017,6,mobile,"48,653"
가구,2017,6,mobile,"119,363"
애완용품,2017,6,mobile,"33,360"
여행 및 교통서비스,2017,6,mobile,"605,819"
문화 및 레저서비스,2017,6,mobile,"57,802"
e쿠폰서비스,2017,6,mobile,"78,868"
음식서비스,2017,6,mobile,"170,090"
기타서비스,2017,6,mobile,"22,907"
기타,2017,6,mobile,"80,383"
컴퓨터 및 주변기기,2017,6,web,"262,908"
가전·전자·통신기기,2017,6,web,"366,554"
서적,2017,6,web,"78,615"
사무·문구,2017,6,web,"37,788"
의복,2017,6,web,"394,173"
신발,2017,6,web,"54,666"
가방,2017,6,web,"43,903"
패션용품 및 액세서리,2017,6,web,"61,378"
스포츠·레저용품,2017,6,web,"137,585"
화장품,2017,6,web,"274,418"
아동·유아용품,2017,6,web,"75,478"
음·식료품,2017,6,web,"243,369"
농축수산물,2017,6,web,"66,113"
생활용품,2017,6,web,"246,264"
자동차 및 자동차용품,2017,6,web,"39,538"
가구,2017,6,web,"84,221"
애완용품,2017,6,web,"22,732"
여행 및 교통서비스,2017,6,web,"605,089"
문화 및 레저서비스,2017,6,web,"86,509"
e쿠폰서비스,2017,6,web,"16,151"
음식서비스,2017,6,web,"25,541"
기타서비스,2017,6,web,"18,198"
기타,2017,6,web,"99,948"
컴퓨터 및 주변기기,2017,7,mobile,"128,025"
가전·전자·통신기기,2017,7,mobile,"494,107"
서적,2017,7,mobile,"47,351"
사무·문구,2017,7,mobile,"18,084"
의복,2017,7,mobile,"495,098"
신발,2017,7,mobile,"92,518"
가방,2017,7,mobile,"107,525"
패션용품 및 액세서리,2017,7,mobile,"106,286"
스포츠·레저용품,2017,7,mobile,"158,771"
화장품,2017,7,mobile,"360,699"
아동·유아용품,2017,7,mobile,"191,882"
음·식료품,2017,7,mobile,"404,744"
농축수산물,2017,7,mobile,"118,131"
생활용품,2017,7,mobile,"373,275"
자동차 및 자동차용품,2017,7,mobile,"52,762"
가구,2017,7,mobile,"126,482"
애완용품,2017,7,mobile,"35,931"
여행 및 교통서비스,2017,7,mobile,"736,121"
문화 및 레저서비스,2017,7,mobile,"69,376"
e쿠폰서비스,2017,7,mobile,"76,023"
음식서비스,2017,7,mobile,"197,324"
기타서비스,2017,7,mobile,"27,703"
기타,2017,7,mobile,"75,734"
컴퓨터 및 주변기기,2017,7,web,"252,949"
가전·전자·통신기기,2017,7,web,"432,760"
서적,2017,7,web,"95,733"
사무·문구,2017,7,web,"35,743"
의복,2017,7,web,"392,273"
신발,2017,7,web,"48,228"
가방,2017,7,web,"44,194"
패션용품 및 액세서리,2017,7,web,"63,749"
스포츠·레저용품,2017,7,web,"133,912"
화장품,2017,7,web,"258,757"
아동·유아용품,2017,7,web,"72,696"
음·식료품,2017,7,web,"233,432"
농축수산물,2017,7,web,"64,551"
생활용품,2017,7,web,"240,315"
자동차 및 자동차용품,2017,7,web,"41,482"
가구,2017,7,web,"85,175"
애완용품,2017,7,web,"22,569"
여행 및 교통서비스,2017,7,web,"643,280"
문화 및 레저서비스,2017,7,web,"82,271"
e쿠폰서비스,2017,7,web,"15,604"
음식서비스,2017,7,web,"27,301"
기타서비스,2017,7,web,"24,316"
기타,2017,7,web,"93,311"
컴퓨터 및 주변기기,2017,8,mobile,"135,562"
가전·전자·통신기기,2017,8,mobile,"399,471"
서적,2017,8,mobile,"49,898"
사무·문구,2017,8,mobile,"19,625"
의복,2017,8,mobile,"419,251"
신발,2017,8,mobile,"77,350"
가방,2017,8,mobile,"115,821"
패션용품 및 액세서리,2017,8,mobile,"110,615"
스포츠·레저용품,2017,8,mobile,"143,884"
화장품,2017,8,mobile,"372,187"
아동·유아용품,2017,8,mobile,"190,684"
음·식료품,2017,8,mobile,"437,977"
농축수산물,2017,8,mobile,"125,578"
생활용품,2017,8,mobile,"386,060"
자동차 및 자동차용품,2017,8,mobile,"53,285"
가구,2017,8,mobile,"136,077"
애완용품,2017,8,mobile,"37,525"
여행 및 교통서비스,2017,8,mobile,"760,584"
문화 및 레저서비스,2017,8,mobile,"83,259"
e쿠폰서비스,2017,8,mobile,"83,577"
음식서비스,2017,8,mobile,"219,093"
기타서비스,2017,8,mobile,"30,697"
기타,2017,8,mobile,"76,238"
컴퓨터 및 주변기기,2017,8,web,"280,831"
가전·전자·통신기기,2017,8,web,"359,011"
서적,2017,8,web,"100,090"
사무·문구,2017,8,web,"38,125"
의복,2017,8,web,"338,973"
신발,2017,8,web,"40,961"
가방,2017,8,web,"47,640"
패션용품 및 액세서리,2017,8,web,"67,589"
스포츠·레저용품,2017,8,web,"122,467"
화장품,2017,8,web,"280,375"
아동·유아용품,2017,8,web,"72,846"
음·식료품,2017,8,web,"254,664"
농축수산물,2017,8,web,"68,512"
생활용품,2017,8,web,"245,562"
자동차 및 자동차용품,2017,8,web,"39,414"
가구,2017,8,web,"90,905"
애완용품,2017,8,web,"23,065"
여행 및 교통서비스,2017,8,web,"645,755"
문화 및 레저서비스,2017,8,web,"101,624"
e쿠폰서비스,2017,8,web,"17,291"
음식서비스,2017,8,web,"34,667"
기타서비스,2017,8,web,"21,923"
기타,2017,8,web,"103,067"
컴퓨터 및 주변기기,2017,9,mobile,"128,865"
가전·전자·통신기기,2017,9,mobile,"363,151"
서적,2017,9,mobile,"47,891"
사무·문구,2017,9,mobile,"20,792"
의복,2017,9,mobile,"525,271"
신발,2017,9,mobile,"90,408"
가방,2017,9,mobile,"116,864"
패션용품 및 액세서리,2017,9,mobile,"107,005"
스포츠·레저용품,2017,9,mobile,"141,138"
화장품,2017,9,mobile,"385,834"
아동·유아용품,2017,9,mobile,"196,306"
음·식료품,2017,9,mobile,"511,044"
농축수산물,2017,9,mobile,"166,426"
생활용품,2017,9,mobile,"388,499"
자동차 및 자동차용품,2017,9,mobile,"50,478"
가구,2017,9,mobile,"135,835"
애완용품,2017,9,mobile,"41,752"
여행 및 교통서비스,2017,9,mobile,"684,418"
문화 및 레저서비스,2017,9,mobile,"52,535"
e쿠폰서비스,2017,9,mobile,"83,024"
음식서비스,2017,9,mobile,"209,012"
기타서비스,2017,9,mobile,"32,185"
기타,2017,9,mobile,"87,334"
컴퓨터 및 주변기기,2017,9,web,"270,647"
가전·전자·통신기기,2017,9,web,"343,507"
서적,2017,9,web,"88,774"
사무·문구,2017,9,web,"39,683"
의복,2017,9,web,"434,408"
신발,2017,9,web,"49,838"
가방,2017,9,web,"48,352"
패션용품 및 액세서리,2017,9,web,"63,340"
스포츠·레저용품,2017,9,web,"124,327"
화장품,2017,9,web,"331,282"
아동·유아용품,2017,9,web,"75,971"
음·식료품,2017,9,web,"316,807"
농축수산물,2017,9,web,"122,538"
생활용품,2017,9,web,"265,245"
자동차 및 자동차용품,2017,9,web,"36,519"
가구,2017,9,web,"91,966"
애완용품,2017,9,web,"24,325"
여행 및 교통서비스,2017,9,web,"538,530"
문화 및 레저서비스,2017,9,web,"74,496"
e쿠폰서비스,2017,9,web,"17,375"
음식서비스,2017,9,web,"30,106"
기타서비스,2017,9,web,"92,102"
기타,2017,9,web,"104,940"
컴퓨터 및 주변기기,2017,10,mobile,"118,174"
가전·전자·통신기기,2017,10,mobile,"394,994"
서적,2017,10,mobile,"41,293"
사무·문구,2017,10,mobile,"18,898"
의복,2017,10,mobile,"595,469"
신발,2017,10,mobile,"92,565"
가방,2017,10,mobile,"112,662"
패션용품 및 액세서리,2017,10,mobile,"104,244"
스포츠·레저용품,2017,10,mobile,"148,099"
화장품,2017,10,mobile,"366,559"
아동·유아용품,2017,10,mobile,"189,740"
음·식료품,2017,10,mobile,"392,399"
농축수산물,2017,10,mobile,"107,471"
생활용품,2017,10,mobile,"374,151"
자동차 및 자동차용품,2017,10,mobile,"48,053"
가구,2017,10,mobile,"137,353"
애완용품,2017,10,mobile,"41,763"
여행 및 교통서비스,2017,10,mobile,"658,486"
문화 및 레저서비스,2017,10,mobile,"81,688"
e쿠폰서비스,2017,10,mobile,"79,602"
음식서비스,2017,10,mobile,"210,551"
기타서비스,2017,10,mobile,"25,456"
기타,2017,10,mobile,"75,041"
컴퓨터 및 주변기기,2017,10,web,"235,350"
가전·전자·통신기기,2017,10,web,"333,413"
서적,2017,10,web,"72,439"
사무·문구,2017,10,web,"37,422"
의복,2017,10,web,"439,236"
신발,2017,10,web,"47,801"
가방,2017,10,web,"44,345"
패션용품 및 액세서리,2017,10,web,"57,204"
스포츠·레저용품,2017,10,web,"126,699"
화장품,2017,10,web,"311,318"
아동·유아용품,2017,10,web,"70,801"
음·식료품,2017,10,web,"216,216"
농축수산물,2017,10,web,"67,310"
생활용품,2017,10,web,"227,897"
자동차 및 자동차용품,2017,10,web,"32,422"
가구,2017,10,web,"85,731"
애완용품,2017,10,web,"22,728"
여행 및 교통서비스,2017,10,web,"549,027"
문화 및 레저서비스,2017,10,web,"97,818"
e쿠폰서비스,2017,10,web,"16,436"
음식서비스,2017,10,web,"32,224"
기타서비스,2017,10,web,"27,007"
기타,2017,10,web,"96,251"
컴퓨터 및 주변기기,2017,11,mobile,"157,832"
가전·전자·통신기기,2017,11,mobile,"485,981"
서적,2017,11,mobile,"44,577"
사무·문구,2017,11,mobile,"23,812"
의복,2017,11,mobile,"857,482"
신발,2017,11,mobile,"114,073"
가방,2017,11,mobile,"120,428"
패션용품 및 액세서리,2017,11,mobile,"123,504"
스포츠·레저용품,2017,11,mobile,"171,843"
화장품,2017,11,mobile,"434,703"
아동·유아용품,2017,11,mobile,"215,042"
음·식료품,2017,11,mobile,"448,282"
농축수산물,2017,11,mobile,"132,643"
생활용품,2017,11,mobile,"434,326"
자동차 및 자동차용품,2017,11,mobile,"50,031"
가구,2017,11,mobile,"145,819"
애완용품,2017,11,mobile,"46,998"
여행 및 교통서비스,2017,11,mobile,"639,102"
문화 및 레저서비스,2017,11,mobile,"79,622"
e쿠폰서비스,2017,11,mobile,"104,091"
음식서비스,2017,11,mobile,"246,210"
기타서비스,2017,11,mobile,"25,590"
기타,2017,11,mobile,"113,788"
컴퓨터 및 주변기기,2017,11,web,"302,907"
가전·전자·통신기기,2017,11,web,"462,529"
서적,2017,11,web,"87,946"
사무·문구,2017,11,web,"44,129"
의복,2017,11,web,"586,462"
신발,2017,11,web,"61,475"
가방,2017,11,web,"49,080"
패션용품 및 액세서리,2017,11,web,"66,076"
스포츠·레저용품,2017,11,web,"141,177"
화장품,2017,11,web,"354,520"
아동·유아용품,2017,11,web,"84,549"
음·식료품,2017,11,web,"253,308"
농축수산물,2017,11,web,"76,101"
생활용품,2017,11,web,"274,287"
자동차 및 자동차용품,2017,11,web,"39,536"
가구,2017,11,web,"96,351"
애완용품,2017,11,web,"25,677"
여행 및 교통서비스,2017,11,web,"518,560"
문화 및 레저서비스,2017,11,web,"65,460"
e쿠폰서비스,2017,11,web,"20,237"
음식서비스,2017,11,web,"34,430"
기타서비스,2017,11,web,"31,121"
기타,2017,11,web,"105,278"
컴퓨터 및 주변기기,2017,12,mobile,"155,301"
가전·전자·통신기기,2017,12,mobile,"427,298"
서적,2017,12,mobile,"58,092"
사무·문구,2017,12,mobile,"27,303"
의복,2017,12,mobile,"737,601"
신발,2017,12,mobile,"102,315"
가방,2017,12,mobile,"129,802"
패션용품 및 액세서리,2017,12,mobile,"136,433"
스포츠·레저용품,2017,12,mobile,"139,821"
화장품,2017,12,mobile,"412,990"
아동·유아용품,2017,12,mobile,"272,962"
음·식료품,2017,12,mobile,"451,629"
농축수산물,2017,12,mobile,"146,060"
생활용품,2017,12,mobile,"417,191"
자동차 및 자동차용품,2017,12,mobile,"47,508"
가구,2017,12,mobile,"132,574"
애완용품,2017,12,mobile,"39,074"
여행 및 교통서비스,2017,12,mobile,"755,350"
문화 및 레저서비스,2017,12,mobile,"135,272"
e쿠폰서비스,2017,12,mobile,"122,247"
음식서비스,2017,12,mobile,"298,964"
기타서비스,2017,12,mobile,"25,605"
기타,2017,12,mobile,"139,263"
컴퓨터 및 주변기기,2017,12,web,"320,177"
가전·전자·통신기기,2017,12,web,"387,969"
서적,2017,12,web,"103,589"
사무·문구,2017,12,web,"50,562"
의복,2017,12,web,"458,290"
신발,2017,12,web,"52,613"
가방,2017,12,web,"51,051"
패션용품 및 액세서리,2017,12,web,"69,667"
스포츠·레저용품,2017,12,web,"118,429"
화장품,2017,12,web,"290,554"
아동·유아용품,2017,12,web,"104,274"
음·식료품,2017,12,web,"258,055"
농축수산물,2017,12,web,"75,792"
생활용품,2017,12,web,"264,710"
자동차 및 자동차용품,2017,12,web,"37,716"
가구,2017,12,web,"88,111"
애완용품,2017,12,web,"23,206"
여행 및 교통서비스,2017,12,web,"522,992"
문화 및 레저서비스,2017,12,web,"71,778"
e쿠폰서비스,2017,12,web,"27,963"
음식서비스,2017,12,web,"40,576"
기타서비스,2017,12,web,"31,087"
기타,2017,12,web,"133,830"
컴퓨터 및 주변기기,2018,1,mobile,"187,441"
가전·전자·통신기기,2018,1,mobile,"459,257"
서적,2018,1,mobile,"64,132"
사무·문구,2018,1,mobile,"26,473"
의복,2018,1,mobile,"571,852"
신발,2018,1,mobile,"85,859"
가방,2018,1,mobile,"135,151"
패션용품 및 액세서리,2018,1,mobile,"128,067"
스포츠·레저용품,2018,1,mobile,"126,246"
화장품,2018,1,mobile,"434,948"
아동·유아용품,2018,1,mobile,"219,323"
음·식료품,2018,1,mobile,"560,272"
농축수산물,2018,1,mobile,"168,319"
생활용품,2018,1,mobile,"449,370"
자동차 및 자동차용품,2018,1,mobile,"45,677"
가구,2018,1,mobile,"159,155"
애완용품,2018,1,mobile,"47,640"
여행 및 교통서비스,2018,1,mobile,"805,804"
문화 및 레저서비스,2018,1,mobile,"118,365"
e쿠폰서비스,2018,1,mobile,"85,532"
음식서비스,2018,1,mobile,"309,665"
기타서비스,2018,1,mobile,"30,782"
기타,2018,1,mobile,"117,870"
컴퓨터 및 주변기기,2018,1,web,"324,233"
가전·전자·통신기기,2018,1,web,"398,999"
서적,2018,1,web,"107,123"
사무·문구,2018,1,web,"46,397"
의복,2018,1,web,"392,385"
신발,2018,1,web,"45,709"
가방,2018,1,web,"51,391"
패션용품 및 액세서리,2018,1,web,"67,231"
스포츠·레저용품,2018,1,web,"104,533"
화장품,2018,1,web,"335,960"
아동·유아용품,2018,1,web,"75,872"
음·식료품,2018,1,web,"286,550"
농축수산물,2018,1,web,"83,591"
생활용품,2018,1,web,"261,059"
자동차 및 자동차용품,2018,1,web,"31,543"
가구,2018,1,web,"92,737"
애완용품,2018,1,web,"24,538"
여행 및 교통서비스,2018,1,web,"685,630"
문화 및 레저서비스,2018,1,web,"64,022"
e쿠폰서비스,2018,1,web,"20,062"
음식서비스,2018,1,web,"37,792"
기타서비스,2018,1,web,"42,361"
기타,2018,1,web,"110,089"
컴퓨터 및 주변기기,2018,2,mobile,"177,621"
가전·전자·통신기기,2018,2,mobile,"418,685"
서적,2018,2,mobile,"54,689"
사무·문구,2018,2,mobile,"25,271"
의복,2018,2,mobile,"489,051"
신발,2018,2,mobile,"83,720"
가방,2018,2,mobile,"129,877"
패션용품 및 액세서리,2018,2,mobile,"117,814"
스포츠·레저용품,2018,2,mobile,"109,501"
화장품,2018,2,mobile,"429,497"
아동·유아용품,2018,2,mobile,"197,372"
음·식료품,2018,2,mobile,"518,213"
농축수산물,2018,2,mobile,"172,972"
생활용품,2018,2,mobile,"401,715"
자동차 및 자동차용품,2018,2,mobile,"39,074"
가구,2018,2,mobile,"152,372"
애완용품,2018,2,mobile,"40,717"
여행 및 교통서비스,2018,2,mobile,"698,011"
문화 및 레저서비스,2018,2,mobile,"90,396"
e쿠폰서비스,2018,2,mobile,"108,408"
음식서비스,2018,2,mobile,"288,800"
기타서비스,2018,2,mobile,"30,542"
기타,2018,2,mobile,"132,678"
컴퓨터 및 주변기기,2018,2,web,"275,786"
가전·전자·통신기기,2018,2,web,"351,716"
서적,2018,2,web,"93,094"
사무·문구,2018,2,web,"46,450"
의복,2018,2,web,"336,102"
신발,2018,2,web,"40,727"
가방,2018,2,web,"48,277"
패션용품 및 액세서리,2018,2,web,"60,565"
스포츠·레저용품,2018,2,web,"91,209"
화장품,2018,2,web,"316,879"
아동·유아용품,2018,2,web,"71,246"
음·식료품,2018,2,web,"296,445"
농축수산물,2018,2,web,"116,806"
생활용품,2018,2,web,"234,324"
자동차 및 자동차용품,2018,2,web,"26,428"
가구,2018,2,web,"89,192"
애완용품,2018,2,web,"20,227"
여행 및 교통서비스,2018,2,web,"548,038"
문화 및 레저서비스,2018,2,web,"61,442"
e쿠폰서비스,2018,2,web,"20,823"
음식서비스,2018,2,web,"35,445"
기타서비스,2018,2,web,"27,138"
기타,2018,2,web,"91,943"
컴퓨터 및 주변기기,2018,3,mobile,"193,113"
가전·전자·통신기기,2018,3,mobile,"510,861"
서적,2018,3,mobile,"70,476"
사무·문구,2018,3,mobile,"30,649"
의복,2018,3,mobile,"680,287"
신발,2018,3,mobile,"113,113"
가방,2018,3,mobile,"143,810"
패션용품 및 액세서리,2018,3,mobile,"138,381"
스포츠·레저용품,2018,3,mobile,"160,529"
화장품,2018,3,mobile,"439,877"
아동·유아용품,2018,3,mobile,"214,584"
음·식료품,2018,3,mobile,"534,601"
농축수산물,2018,3,mobile,"152,387"
생활용품,2018,3,mobile,"468,022"
자동차 및 자동차용품,2018,3,mobile,"47,231"
가구,2018,3,mobile,"174,549"
애완용품,2018,3,mobile,"45,674"
여행 및 교통서비스,2018,3,mobile,"694,525"
문화 및 레저서비스,2018,3,mobile,"75,329"
e쿠폰서비스,2018,3,mobile,"115,826"
음식서비스,2018,3,mobile,"325,867"
기타서비스,2018,3,mobile,"29,349"
기타,2018,3,mobile,"147,626"
컴퓨터 및 주변기기,2018,3,web,"310,948"
가전·전자·통신기기,2018,3,web,"435,766"
서적,2018,3,web,"121,120"
사무·문구,2018,3,web,"51,251"
의복,2018,3,web,"482,845"
신발,2018,3,web,"56,004"
가방,2018,3,web,"50,380"
패션용품 및 액세서리,2018,3,web,"71,766"
스포츠·레저용품,2018,3,web,"123,291"
화장품,2018,3,web,"391,775"
아동·유아용품,2018,3,web,"84,298"
음·식료품,2018,3,web,"292,272"
농축수산물,2018,3,web,"76,413"
생활용품,2018,3,web,"271,316"
자동차 및 자동차용품,2018,3,web,"36,667"
가구,2018,3,web,"102,507"
애완용품,2018,3,web,"22,960"
여행 및 교통서비스,2018,3,web,"569,662"
문화 및 레저서비스,2018,3,web,"96,087"
e쿠폰서비스,2018,3,web,"23,768"
음식서비스,2018,3,web,"35,896"
기타서비스,2018,3,web,"32,485"
기타,2018,3,web,"129,620"
컴퓨터 및 주변기기,2018,4,mobile,"165,240"
가전·전자·통신기기,2018,4,mobile,"524,596"
서적,2018,4,mobile,"52,865"
사무·문구,2018,4,mobile,"26,145"
의복,2018,4,mobile,"630,323"
신발,2018,4,mobile,"113,580"
가방,2018,4,mobile,"136,272"
패션용품 및 액세서리,2018,4,mobile,"131,549"
스포츠·레저용품,2018,4,mobile,"169,509"
화장품,2018,4,mobile,"438,758"
아동·유아용품,2018,4,mobile,"234,743"
음·식료품,2018,4,mobile,"525,617"
농축수산물,2018,4,mobile,"144,262"
생활용품,2018,4,mobile,"437,644"
자동차 및 자동차용품,2018,4,mobile,"49,851"
가구,2018,4,mobile,"165,191"
애완용품,2018,4,mobile,"47,974"
여행 및 교통서비스,2018,4,mobile,"731,940"
문화 및 레저서비스,2018,4,mobile,"97,095"
e쿠폰서비스,2018,4,mobile,"112,090"
음식서비스,2018,4,mobile,"318,369"
기타서비스,2018,4,mobile,"33,421"
기타,2018,4,mobile,"118,425"
컴퓨터 및 주변기기,2018,4,web,"243,815"
가전·전자·통신기기,2018,4,web,"420,663"
서적,2018,4,web,"91,304"
사무·문구,2018,4,web,"41,862"
의복,2018,4,web,"447,945"
신발,2018,4,web,"55,859"
가방,2018,4,web,"49,197"
패션용품 및 액세서리,2018,4,web,"64,739"
스포츠·레저용품,2018,4,web,"129,065"
화장품,2018,4,web,"363,671"
아동·유아용품,2018,4,web,"85,677"
음·식료품,2018,4,web,"284,398"
농축수산물,2018,4,web,"71,138"
생활용품,2018,4,web,"272,221"
자동차 및 자동차용품,2018,4,web,"32,750"
가구,2018,4,web,"95,591"
애완용품,2018,4,web,"22,363"
여행 및 교통서비스,2018,4,web,"588,518"
문화 및 레저서비스,2018,4,web,"67,870"
e쿠폰서비스,2018,4,web,"21,048"
음식서비스,2018,4,web,"47,587"
기타서비스,2018,4,web,"28,747"
기타,2018,4,web,"102,789"
컴퓨터 및 주변기기,2018,5,mobile,"166,676"
가전·전자·통신기기,2018,5,mobile,"578,323"
서적,2018,5,mobile,"47,734"
사무·문구,2018,5,mobile,"24,464"
의복,2018,5,mobile,"648,036"
신발,2018,5,mobile,"115,010"
가방,2018,5,mobile,"142,386"
패션용품 및 액세서리,2018,5,mobile,"131,286"
스포츠·레저용품,2018,5,mobile,"193,374"
화장품,2018,5,mobile,"457,152"
아동·유아용품,2018,5,mobile,"225,249"
음·식료품,2018,5,mobile,"553,977"
농축수산물,2018,5,mobile,"148,502"
생활용품,2018,5,mobile,"456,275"
자동차 및 자동차용품,2018,5,mobile,"51,080"
가구,2018,5,mobile,"163,161"
애완용품,2018,5,mobile,"47,039"
여행 및 교통서비스,2018,5,mobile,"796,285"
문화 및 레저서비스,2018,5,mobile,"91,742"
e쿠폰서비스,2018,5,mobile,"137,108"
음식서비스,2018,5,mobile,"355,920"
기타서비스,2018,5,mobile,"29,302"
기타,2018,5,mobile,"117,098"
컴퓨터 및 주변기기,2018,5,web,"237,559"
가전·전자·통신기기,2018,5,web,"447,810"
서적,2018,5,web,"81,391"
사무·문구,2018,5,web,"39,157"
의복,2018,5,web,"453,370"
신발,2018,5,web,"57,571"
가방,2018,5,web,"48,223"
패션용품 및 액세서리,2018,5,web,"66,788"
스포츠·레저용품,2018,5,web,"137,411"
화장품,2018,5,web,"361,374"
아동·유아용품,2018,5,web,"85,549"
음·식료품,2018,5,web,"295,067"
농축수산물,2018,5,web,"73,233"
생활용품,2018,5,web,"259,687"
자동차 및 자동차용품,2018,5,web,"32,931"
가구,2018,5,web,"91,504"
애완용품,2018,5,web,"22,195"
여행 및 교통서비스,2018,5,web,"632,925"
문화 및 레저서비스,2018,5,web,"61,998"
e쿠폰서비스,2018,5,web,"31,942"
음식서비스,2018,5,web,"33,475"
기타서비스,2018,5,web,"29,079"
기타,2018,5,web,"105,807"
컴퓨터 및 주변기기,2018,6,mobile,"151,440"
가전·전자·통신기기,2018,6,mobile,"539,531"
서적,2018,6,mobile,"45,257"
사무·문구,2018,6,mobile,"23,319"
의복,2018,6,mobile,"607,131"
신발,2018,6,mobile,"108,990"
가방,2018,6,mobile,"131,338"
패션용품 및 액세서리,2018,6,mobile,"124,943"
스포츠·레저용품,2018,6,mobile,"191,456"
화장품,2018,6,mobile,"439,341"
아동·유아용품,2018,6,mobile,"199,563"
음·식료품,2018,6,mobile,"533,452"
농축수산물,2018,6,mobile,"145,068"
생활용품,2018,6,mobile,"442,828"
자동차 및 자동차용품,2018,6,mobile,"48,528"
가구,2018,6,mobile,"153,625"
애완용품,2018,6,mobile,"51,652"
여행 및 교통서비스,2018,6,mobile,"786,901"
문화 및 레저서비스,2018,6,mobile,"94,653"
e쿠폰서비스,2018,6,mobile,"130,958"
음식서비스,2018,6,mobile,"374,849"
기타서비스,2018,6,mobile,"28,634"
기타,2018,6,mobile,"104,495"
컴퓨터 및 주변기기,2018,6,web,"220,404"
가전·전자·통신기기,2018,6,web,"424,143"
서적,2018,6,web,"72,096"
사무·문구,2018,6,web,"36,238"
의복,2018,6,web,"410,733"
신발,2018,6,web,"55,260"
가방,2018,6,web,"45,187"
패션용품 및 액세서리,2018,6,web,"64,458"
스포츠·레저용품,2018,6,web,"133,562"
화장품,2018,6,web,"333,163"
아동·유아용품,2018,6,web,"72,371"
음·식료품,2018,6,web,"277,793"
농축수산물,2018,6,web,"69,204"
생활용품,2018,6,web,"245,069"
자동차 및 자동차용품,2018,6,web,"32,724"
가구,2018,6,web,"89,702"
애완용품,2018,6,web,"23,474"
여행 및 교통서비스,2018,6,web,"627,024"
문화 및 레저서비스,2018,6,web,"74,968"
e쿠폰서비스,2018,6,web,"34,733"
음식서비스,2018,6,web,"38,204"
기타서비스,2018,6,web,"30,702"
기타,2018,6,web,"95,910"
컴퓨터 및 주변기기,2018,7,mobile,"164,775"
가전·전자·통신기기,2018,7,mobile,"676,637"
서적,2018,7,mobile,"57,737"
사무·문구,2018,7,mobile,"24,920"
의복,2018,7,mobile,"597,582"
신발,2018,7,mobile,"106,288"
가방,2018,7,mobile,"141,822"
패션용품 및 액세서리,2018,7,mobile,"139,706"
스포츠·레저용품,2018,7,mobile,"215,110"
화장품,2018,7,mobile,"443,006"
아동·유아용품,2018,7,mobile,"215,258"
음·식료품,2018,7,mobile,"568,131"
농축수산물,2018,7,mobile,"149,306"
생활용품,2018,7,mobile,"481,341"
자동차 및 자동차용품,2018,7,mobile,"55,245"
가구,2018,7,mobile,"159,115"
애완용품,2018,7,mobile,"53,975"
여행 및 교통서비스,2018,7,mobile,"899,752"
문화 및 레저서비스,2018,7,mobile,"100,614"
e쿠폰서비스,2018,7,mobile,"139,718"
음식서비스,2018,7,mobile,"415,437"
기타서비스,2018,7,mobile,"31,983"
기타,2018,7,mobile,"106,564"
컴퓨터 및 주변기기,2018,7,web,"239,475"
가전·전자·통신기기,2018,7,web,"511,557"
서적,2018,7,web,"90,323"
사무·문구,2018,7,web,"37,606"
의복,2018,7,web,"394,750"
신발,2018,7,web,"51,664"
가방,2018,7,web,"50,196"
패션용품 및 액세서리,2018,7,web,"70,239"
스포츠·레저용품,2018,7,web,"145,252"
화장품,2018,7,web,"335,961"
아동·유아용품,2018,7,web,"72,132"
음·식료품,2018,7,web,"298,775"
농축수산물,2018,7,web,"74,924"
생활용품,2018,7,web,"258,839"
자동차 및 자동차용품,2018,7,web,"35,786"
가구,2018,7,web,"88,726"
애완용품,2018,7,web,"21,873"
여행 및 교통서비스,2018,7,web,"668,379"
문화 및 레저서비스,2018,7,web,"63,614"
e쿠폰서비스,2018,7,web,"32,188"
음식서비스,2018,7,web,"41,490"
기타서비스,2018,7,web,"30,437"
기타,2018,7,web,"95,215"
컴퓨터 및 주변기기,2018,8,mobile,"169,705"
가전·전자·통신기기,2018,8,mobile,"535,814"
서적,2018,8,mobile,"57,276"
사무·문구,2018,8,mobile,"24,461"
의복,2018,8,mobile,"501,473"
신발,2018,8,mobile,"87,067"
가방,2018,8,mobile,"135,402"
패션용품 및 액세서리,2018,8,mobile,"127,241"
스포츠·레저용품,2018,8,mobile,"176,711"
화장품,2018,8,mobile,"459,509"
아동·유아용품,2018,8,mobile,"207,562"
음·식료품,2018,8,mobile,"603,681"
농축수산물,2018,8,mobile,"160,790"
생활용품,2018,8,mobile,"470,832"
자동차 및 자동차용품,2018,8,mobile,"51,583"
가구,2018,8,mobile,"157,881"
애완용품,2018,8,mobile,"50,031"
여행 및 교통서비스,2018,8,mobile,"909,075"
문화 및 레저서비스,2018,8,mobile,"138,171"
e쿠폰서비스,2018,8,mobile,"152,998"
음식서비스,2018,8,mobile,"453,319"
기타서비스,2018,8,mobile,"33,127"
기타,2018,8,mobile,"106,850"
컴퓨터 및 주변기기,2018,8,web,"249,200"
가전·전자·통신기기,2018,8,web,"424,778"
서적,2018,8,web,"91,948"
사무·문구,2018,8,web,"37,810"
의복,2018,8,web,"326,889"
신발,2018,8,web,"38,886"
가방,2018,8,web,"45,336"
패션용품 및 액세서리,2018,8,web,"67,109"
스포츠·레저용품,2018,8,web,"123,519"
화장품,2018,8,web,"342,475"
아동·유아용품,2018,8,web,"68,243"
음·식료품,2018,8,web,"301,451"
농축수산물,2018,8,web,"74,292"
생활용품,2018,8,web,"244,105"
자동차 및 자동차용품,2018,8,web,"33,296"
가구,2018,8,web,"86,515"
애완용품,2018,8,web,"21,450"
여행 및 교통서비스,2018,8,web,"650,988"
문화 및 레저서비스,2018,8,web,"75,356"
e쿠폰서비스,2018,8,web,"27,793"
음식서비스,2018,8,web,"43,611"
기타서비스,2018,8,web,"28,968"
기타,2018,8,web,"95,804"
컴퓨터 및 주변기기,2018,9,mobile,"155,899"
가전·전자·통신기기,2018,9,mobile,"451,538"
서적,2018,9,mobile,"50,715"
사무·문구,2018,9,mobile,"24,862"
의복,2018,9,mobile,"604,591"
신발,2018,9,mobile,"92,588"
가방,2018,9,mobile,"134,965"
패션용품 및 액세서리,2018,9,mobile,"112,025"
스포츠·레저용품,2018,9,mobile,"178,000"
화장품,2018,9,mobile,"456,801"
아동·유아용품,2018,9,mobile,"205,124"
음·식료품,2018,9,mobile,"649,172"
농축수산물,2018,9,mobile,"183,571"
생활용품,2018,9,mobile,"452,938"
자동차 및 자동차용품,2018,9,mobile,"47,628"
가구,2018,9,mobile,"158,782"
애완용품,2018,9,mobile,"48,060"
여행 및 교통서비스,2018,9,mobile,"749,872"
문화 및 레저서비스,2018,9,mobile,"109,445"
e쿠폰서비스,2018,9,mobile,"168,207"
음식서비스,2018,9,mobile,"423,648"
기타서비스,2018,9,mobile,"37,839"
기타,2018,9,mobile,"116,839"
컴퓨터 및 주변기기,2018,9,web,"226,280"
가전·전자·통신기기,2018,9,web,"340,868"
서적,2018,9,web,"77,468"
사무·문구,2018,9,web,"33,529"
의복,2018,9,web,"399,362"
신발,2018,9,web,"46,884"
가방,2018,9,web,"41,905"
패션용품 및 액세서리,2018,9,web,"57,332"
스포츠·레저용품,2018,9,web,"126,162"
화장품,2018,9,web,"392,815"
아동·유아용품,2018,9,web,"68,616"
음·식료품,2018,9,web,"350,883"
농축수산물,2018,9,web,"126,449"
생활용품,2018,9,web,"238,866"
자동차 및 자동차용품,2018,9,web,"30,829"
가구,2018,9,web,"83,475"
애완용품,2018,9,web,"18,168"
여행 및 교통서비스,2018,9,web,"515,727"
문화 및 레저서비스,2018,9,web,"73,836"
e쿠폰서비스,2018,9,web,"35,669"
음식서비스,2018,9,web,"40,102"
기타서비스,2018,9,web,"95,345"
기타,2018,9,web,"103,602"
컴퓨터 및 주변기기,2018,10,mobile,"165,626"
가전·전자·통신기기,2018,10,mobile,"559,968"
서적,2018,10,mobile,"51,156"
사무·문구,2018,10,mobile,"29,782"
의복,2018,10,mobile,"857,624"
신발,2018,10,mobile,"113,895"
가방,2018,10,mobile,"140,222"
패션용품 및 액세서리,2018,10,mobile,"123,842"
스포츠·레저용품,2018,10,mobile,"232,078"
화장품,2018,10,mobile,"492,829"
아동·유아용품,2018,10,mobile,"231,320"
음·식료품,2018,10,mobile,"611,763"
농축수산물,2018,10,mobile,"158,130"
생활용품,2018,10,mobile,"516,271"
자동차 및 자동차용품,2018,10,mobile,"53,262"
가구,2018,10,mobile,"193,892"
애완용품,2018,10,mobile,"48,566"
여행 및 교통서비스,2018,10,mobile,"742,626"
문화 및 레저서비스,2018,10,mobile,"125,104"
e쿠폰서비스,2018,10,mobile,"168,555"
음식서비스,2018,10,mobile,"460,967"
기타서비스,2018,10,mobile,"35,564"
기타,2018,10,mobile,"129,898"
컴퓨터 및 주변기기,2018,10,web,"254,118"
가전·전자·통신기기,2018,10,web,"429,553"
서적,2018,10,web,"80,587"
사무·문구,2018,10,web,"41,333"
의복,2018,10,web,"493,284"
신발,2018,10,web,"50,340"
가방,2018,10,web,"44,515"
패션용품 및 액세서리,2018,10,web,"58,805"
스포츠·레저용품,2018,10,web,"157,246"
화장품,2018,10,web,"401,459"
아동·유아용품,2018,10,web,"77,542"
음·식료품,2018,10,web,"298,644"
농축수산물,2018,10,web,"79,931"
생활용품,2018,10,web,"272,434"
자동차 및 자동차용품,2018,10,web,"34,981"
가구,2018,10,web,"102,783"
애완용품,2018,10,web,"21,100"
여행 및 교통서비스,2018,10,web,"586,580"
문화 및 레저서비스,2018,10,web,"61,376"
e쿠폰서비스,2018,10,web,"34,178"
음식서비스,2018,10,web,"41,489"
기타서비스,2018,10,web,"39,959"
기타,2018,10,web,"111,266"
컴퓨터 및 주변기기,2018,11,mobile,"192,882"
가전·전자·통신기기,2018,11,mobile,"664,944"
서적,2018,11,mobile,"56,107"
사무·문구,2018,11,mobile,"33,099"
의복,2018,11,mobile,"927,971"
신발,2018,11,mobile,"130,879"
가방,2018,11,mobile,"136,635"
패션용품 및 액세서리,2018,11,mobile,"131,490"
스포츠·레저용품,2018,11,mobile,"223,624"
화장품,2018,11,mobile,"512,836"
아동·유아용품,2018,11,mobile,"230,956"
음·식료품,2018,11,mobile,"621,073"
농축수산물,2018,11,mobile,"170,752"
생활용품,2018,11,mobile,"526,203"
자동차 및 자동차용품,2018,11,mobile,"55,994"
가구,2018,11,mobile,"192,546"
애완용품,2018,11,mobile,"48,551"
여행 및 교통서비스,2018,11,mobile,"747,692"
문화 및 레저서비스,2018,11,mobile,"113,638"
e쿠폰서비스,2018,11,mobile,"199,645"
음식서비스,2018,11,mobile,"468,405"
기타서비스,2018,11,mobile,"32,916"
기타,2018,11,mobile,"169,252"
컴퓨터 및 주변기기,2018,11,web,"275,284"
가전·전자·통신기기,2018,11,web,"517,411"
서적,2018,11,web,"86,299"
사무·문구,2018,11,web,"43,264"
의복,2018,11,web,"554,222"
신발,2018,11,web,"57,508"
가방,2018,11,web,"43,401"
패션용품 및 액세서리,2018,11,web,"60,670"
스포츠·레저용품,2018,11,web,"150,248"
화장품,2018,11,web,"398,730"
아동·유아용품,2018,11,web,"79,117"
음·식료품,2018,11,web,"306,595"
농축수산물,2018,11,web,"85,916"
생활용품,2018,11,web,"273,645"
자동차 및 자동차용품,2018,11,web,"42,105"
가구,2018,11,web,"103,195"
애완용품,2018,11,web,"19,750"
여행 및 교통서비스,2018,11,web,"548,742"
문화 및 레저서비스,2018,11,web,"73,373"
e쿠폰서비스,2018,11,web,"39,540"
음식서비스,2018,11,web,"42,091"
기타서비스,2018,11,web,"42,304"
기타,2018,11,web,"142,644"
컴퓨터 및 주변기기,2018,12,mobile,"206,895"
가전·전자·통신기기,2018,12,mobile,"573,086"
서적,2018,12,mobile,"65,657"
사무·문구,2018,12,mobile,"38,890"
의복,2018,12,mobile,"880,877"
신발,2018,12,mobile,"124,855"
가방,2018,12,mobile,"153,599"
패션용품 및 액세서리,2018,12,mobile,"151,613"
스포츠·레저용품,2018,12,mobile,"199,688"
화장품,2018,12,mobile,"520,553"
아동·유아용품,2018,12,mobile,"292,866"
음·식료품,2018,12,mobile,"610,357"
농축수산물,2018,12,mobile,"173,774"
생활용품,2018,12,mobile,"516,470"
자동차 및 자동차용품,2018,12,mobile,"56,612"
가구,2018,12,mobile,"181,287"
애완용품,2018,12,mobile,"48,227"
여행 및 교통서비스,2018,12,mobile,"824,163"
문화 및 레저서비스,2018,12,mobile,"127,346"
e쿠폰서비스,2018,12,mobile,"227,077"
음식서비스,2018,12,mobile,"577,758"
기타서비스,2018,12,mobile,"34,672"
기타,2018,12,mobile,"168,526"
컴퓨터 및 주변기기,2018,12,web,"294,467"
가전·전자·통신기기,2018,12,web,"470,859"
서적,2018,12,web,"102,843"
사무·문구,2018,12,web,"50,853"
의복,2018,12,web,"509,666"
신발,2018,12,web,"54,381"
가방,2018,12,web,"47,722"
패션용품 및 액세서리,2018,12,web,"69,189"
스포츠·레저용품,2018,12,web,"133,187"
화장품,2018,12,web,"352,694"
아동·유아용품,2018,12,web,"100,708"
음·식료품,2018,12,web,"315,251"
농축수산물,2018,12,web,"80,784"
생활용품,2018,12,web,"271,350"
자동차 및 자동차용품,2018,12,web,"38,056"
가구,2018,12,web,"98,788"
애완용품,2018,12,web,"19,851"
여행 및 교통서비스,2018,12,web,"572,556"
문화 및 레저서비스,2018,12,web,"69,403"
e쿠폰서비스,2018,12,web,"40,676"
음식서비스,2018,12,web,"52,591"
기타서비스,2018,12,web,"43,518"
기타,2018,12,web,"145,458"
컴퓨터 및 주변기기,2019,1,mobile,"232,016"
가전·전자·통신기기,2019,1,mobile,"611,551"
서적,2019,1,mobile,"73,920"
사무·문구,2019,1,mobile,"37,433"
의복,2019,1,mobile,"653,845"
신발,2019,1,mobile,"102,086"
가방,2019,1,mobile,"151,766"
패션용품 및 액세서리,2019,1,mobile,"133,863"
스포츠·레저용품,2019,1,mobile,"165,312"
화장품,2019,1,mobile,"572,616"
아동·유아용품,2019,1,mobile,"237,986"
음·식료품,2019,1,mobile,"796,103"
농축수산물,2019,1,mobile,"269,825"
생활용품,2019,1,mobile,"557,289"
자동차 및 자동차용품,2019,1,mobile,"61,383"
가구,2019,1,mobile,"187,910"
애완용품,2019,1,mobile,"52,633"
여행 및 교통서비스,2019,1,mobile,"904,380"
문화 및 레저서비스,2019,1,mobile,"98,877"
e쿠폰서비스,2019,1,mobile,"204,146"
음식서비스,2019,1,mobile,"568,558"
기타서비스,2019,1,mobile,"35,746"
기타,2019,1,mobile,"108,084"
컴퓨터 및 주변기기,2019,1,web,"329,496"
가전·전자·통신기기,2019,1,web,"451,529"
서적,2019,1,web,"100,029"
사무·문구,2019,1,web,"42,332"
의복,2019,1,web,"453,476"
신발,2019,1,web,"57,560"
가방,2019,1,web,"50,523"
패션용품 및 액세서리,2019,1,web,"57,407"
스포츠·레저용품,2019,1,web,"110,120"
화장품,2019,1,web,"328,732"
아동·유아용품,2019,1,web,"75,693"
음·식료품,2019,1,web,"397,250"
농축수산물,2019,1,web,"143,447"
생활용품,2019,1,web,"274,481"
자동차 및 자동차용품,2019,1,web,"35,085"
가구,2019,1,web,"96,792"
애완용품,2019,1,web,"20,185"
여행 및 교통서비스,2019,1,web,"634,258"
문화 및 레저서비스,2019,1,web,"68,836"
e쿠폰서비스,2019,1,web,"35,976"
음식서비스,2019,1,web,"53,351"
기타서비스,2019,1,web,"62,056"
기타,2019,1,web,"115,855"
컴퓨터 및 주변기기,2019,2,mobile,"237,163"
가전·전자·통신기기,2019,2,mobile,"578,935"
서적,2019,2,mobile,"63,967"
사무·문구,2019,2,mobile,"33,966"
의복,2019,2,mobile,"574,960"
신발,2019,2,mobile,"103,257"
가방,2019,2,mobile,"162,258"
패션용품 및 액세서리,2019,2,mobile,"127,988"
스포츠·레저용품,2019,2,mobile,"150,020"
화장품,2019,2,mobile,"561,471"
아동·유아용품,2019,2,mobile,"217,104"
음·식료품,2019,2,mobile,"593,161"
농축수산물,2019,2,mobile,"164,432"
생활용품,2019,2,mobile,"496,403"
자동차 및 자동차용품,2019,2,mobile,"50,653"
가구,2019,2,mobile,"184,617"
애완용품,2019,2,mobile,"45,431"
여행 및 교통서비스,2019,2,mobile,"830,402"
문화 및 레저서비스,2019,2,mobile,"113,392"
e쿠폰서비스,2019,2,mobile,"207,319"
음식서비스,2019,2,mobile,"566,204"
기타서비스,2019,2,mobile,"34,027"
기타,2019,2,mobile,"104,577"
컴퓨터 및 주변기기,2019,2,web,"305,306"
가전·전자·통신기기,2019,2,web,"403,124"
서적,2019,2,web,"90,350"
사무·문구,2019,2,web,"37,243"
의복,2019,2,web,"384,783"
신발,2019,2,web,"53,174"
가방,2019,2,web,"49,676"
패션용품 및 액세서리,2019,2,web,"57,275"
스포츠·레저용품,2019,2,web,"101,920"
화장품,2019,2,web,"301,601"
아동·유아용품,2019,2,web,"69,315"
음·식료품,2019,2,web,"274,273"
농축수산물,2019,2,web,"66,686"
생활용품,2019,2,web,"239,248"
자동차 및 자동차용품,2019,2,web,"29,204"
가구,2019,2,web,"89,084"
애완용품,2019,2,web,"19,901"
여행 및 교통서비스,2019,2,web,"587,030"
문화 및 레저서비스,2019,2,web,"69,543"
e쿠폰서비스,2019,2,web,"26,790"
음식서비스,2019,2,web,"48,759"
기타서비스,2019,2,web,"43,859"
기타,2019,2,web,"117,022"
컴퓨터 및 주변기기,2019,3,mobile,"219,156"
가전·전자·통신기기,2019,3,mobile,"756,020"
서적,2019,3,mobile,"81,975"
사무·문구,2019,3,mobile,"38,063"
의복,2019,3,mobile,"770,960"
신발,2019,3,mobile,"131,109"
가방,2019,3,mobile,"176,296"
패션용품 및 액세서리,2019,3,mobile,"144,911"
스포츠·레저용품,2019,3,mobile,"192,918"
화장품,2019,3,mobile,"609,446"
아동·유아용품,2019,3,mobile,"256,428"
음·식료품,2019,3,mobile,"696,293"
농축수산물,2019,3,mobile,"192,821"
생활용품,2019,3,mobile,"578,305"
자동차 및 자동차용품,2019,3,mobile,"63,498"
가구,2019,3,mobile,"205,141"
애완용품,2019,3,mobile,"51,353"
여행 및 교통서비스,2019,3,mobile,"798,643"
문화 및 레저서비스,2019,3,mobile,"102,617"
e쿠폰서비스,2019,3,mobile,"223,209"
음식서비스,2019,3,mobile,"639,833"
기타서비스,2019,3,mobile,"38,262"
기타,2019,3,mobile,"121,766"
컴퓨터 및 주변기기,2019,3,web,"313,340"
가전·전자·통신기기,2019,3,web,"568,865"
서적,2019,3,web,"114,766"
사무·문구,2019,3,web,"43,678"
의복,2019,3,web,"467,275"
신발,2019,3,web,"75,702"
가방,2019,3,web,"53,787"
패션용품 및 액세서리,2019,3,web,"66,365"
스포츠·레저용품,2019,3,web,"138,742"
화장품,2019,3,web,"416,273"
아동·유아용품,2019,3,web,"81,126"
음·식료품,2019,3,web,"330,978"
농축수산물,2019,3,web,"85,583"
생활용품,2019,3,web,"290,887"
자동차 및 자동차용품,2019,3,web,"43,395"
가구,2019,3,web,"104,367"
애완용품,2019,3,web,"21,791"
여행 및 교통서비스,2019,3,web,"581,118"
문화 및 레저서비스,2019,3,web,"73,468"
e쿠폰서비스,2019,3,web,"34,335"
음식서비스,2019,3,web,"54,675"
기타서비스,2019,3,web,"40,724"
기타,2019,3,web,"205,975"
컴퓨터 및 주변기기,2019,4,mobile,"189,807"
가전·전자·통신기기,2019,4,mobile,"610,496"
서적,2019,4,mobile,"61,239"
사무·문구,2019,4,mobile,"36,190"
의복,2019,4,mobile,"739,473"
신발,2019,4,mobile,"126,046"
가방,2019,4,mobile,"163,407"
패션용품 및 액세서리,2019,4,mobile,"140,228"
스포츠·레저용품,2019,4,mobile,"205,397"
화장품,2019,4,mobile,"579,626"
아동·유아용품,2019,4,mobile,"257,972"
음·식료품,2019,4,mobile,"710,012"
농축수산물,2019,4,mobile,"195,328"
생활용품,2019,4,mobile,"527,740"
자동차 및 자동차용품,2019,4,mobile,"58,413"
가구,2019,4,mobile,"189,071"
애완용품,2019,4,mobile,"51,858"
여행 및 교통서비스,2019,4,mobile,"808,109"
문화 및 레저서비스,2019,4,mobile,"105,113"
e쿠폰서비스,2019,4,mobile,"197,050"
음식서비스,2019,4,mobile,"637,236"
기타서비스,2019,4,mobile,"36,933"
기타,2019,4,mobile,"89,517"
컴퓨터 및 주변기기,2019,4,web,"279,362"
가전·전자·통신기기,2019,4,web,"523,731"
서적,2019,4,web,"86,671"
사무·문구,2019,4,web,"44,447"
의복,2019,4,web,"464,610"
신발,2019,4,web,"78,125"
가방,2019,4,web,"55,233"
패션용품 및 액세서리,2019,4,web,"73,293"
스포츠·레저용품,2019,4,web,"155,688"
화장품,2019,4,web,"384,095"
아동·유아용품,2019,4,web,"96,255"
음·식료품,2019,4,web,"348,841"
농축수산물,2019,4,web,"90,963"
생활용품,2019,4,web,"294,143"
자동차 및 자동차용품,2019,4,web,"39,003"
가구,2019,4,web,"99,194"
애완용품,2019,4,web,"24,066"
여행 및 교통서비스,2019,4,web,"586,949"
문화 및 레저서비스,2019,4,web,"94,922"
e쿠폰서비스,2019,4,web,"29,748"
음식서비스,2019,4,web,"49,084"
기타서비스,2019,4,web,"42,662"
기타,2019,4,web,"106,440"
컴퓨터 및 주변기기,2019,5,mobile,"176,325"
가전·전자·통신기기,2019,5,mobile,"719,082"
서적,2019,5,mobile,"55,150"
사무·문구,2019,5,mobile,"33,876"
의복,2019,5,mobile,"778,175"
신발,2019,5,mobile,"133,233"
가방,2019,5,mobile,"169,509"
패션용품 및 액세서리,2019,5,mobile,"157,272"
스포츠·레저용품,2019,5,mobile,"240,235"
화장품,2019,5,mobile,"593,608"
아동·유아용품,2019,5,mobile,"258,008"
음·식료품,2019,5,mobile,"747,270"
농축수산물,2019,5,mobile,"196,679"
생활용품,2019,5,mobile,"565,994"
자동차 및 자동차용품,2019,5,mobile,"63,207"
가구,2019,5,mobile,"186,633"
애완용품,2019,5,mobile,"53,419"
여행 및 교통서비스,2019,5,mobile,"875,280"
문화 및 레저서비스,2019,5,mobile,"103,309"
e쿠폰서비스,2019,5,mobile,"240,829"
음식서비스,2019,5,mobile,"692,525"
기타서비스,2019,5,mobile,"44,706"
기타,2019,5,mobile,"98,440"
컴퓨터 및 주변기기,2019,5,web,"263,783"
가전·전자·통신기기,2019,5,web,"577,082"
서적,2019,5,web,"78,172"
사무·문구,2019,5,web,"38,273"
의복,2019,5,web,"500,106"
신발,2019,5,web,"84,205"
가방,2019,5,web,"55,623"
패션용품 및 액세서리,2019,5,web,"76,517"
스포츠·레저용품,2019,5,web,"168,489"
화장품,2019,5,web,"396,828"
아동·유아용품,2019,5,web,"89,934"
음·식료품,2019,5,web,"364,339"
농축수산물,2019,5,web,"88,609"
생활용품,2019,5,web,"296,296"
자동차 및 자동차용품,2019,5,web,"43,129"
가구,2019,5,web,"103,232"
애완용품,2019,5,web,"24,044"
여행 및 교통서비스,2019,5,web,"614,613"
문화 및 레저서비스,2019,5,web,"100,869"
e쿠폰서비스,2019,5,web,"35,151"
음식서비스,2019,5,web,"49,857"
기타서비스,2019,5,web,"45,501"
기타,2019,5,web,"97,398"
컴퓨터 및 주변기기,2019,6,mobile,"148,657"
가전·전자·통신기기,2019,6,mobile,"688,858"
서적,2019,6,mobile,"52,055"
사무·문구,2019,6,mobile,"30,694"
의복,2019,6,mobile,"693,361"
신발,2019,6,mobile,"126,674"
가방,2019,6,mobile,"161,773"
패션용품 및 액세서리,2019,6,mobile,"149,156"
스포츠·레저용품,2019,6,mobile,"217,734"
화장품,2019,6,mobile,"569,708"
아동·유아용품,2019,6,mobile,"228,542"
음·식료품,2019,6,mobile,"703,854"
농축수산물,2019,6,mobile,"190,836"
생활용품,2019,6,mobile,"544,587"
자동차 및 자동차용품,2019,6,mobile,"59,477"
가구,2019,6,mobile,"180,435"
애완용품,2019,6,mobile,"55,761"
여행 및 교통서비스,2019,6,mobile,"871,038"
문화 및 레저서비스,2019,6,mobile,"137,409"
e쿠폰서비스,2019,6,mobile,"226,581"
음식서비스,2019,6,mobile,"722,286"
기타서비스,2019,6,mobile,"43,805"
기타,2019,6,mobile,"86,824"
컴퓨터 및 주변기기,2019,6,web,"240,539"
가전·전자·통신기기,2019,6,web,"488,946"
서적,2019,6,web,"70,403"
사무·문구,2019,6,web,"32,913"
의복,2019,6,web,"440,260"
신발,2019,6,web,"84,744"
가방,2019,6,web,"48,750"
패션용품 및 액세서리,2019,6,web,"66,261"
스포츠·레저용품,2019,6,web,"145,672"
화장품,2019,6,web,"375,254"
아동·유아용품,2019,6,web,"75,393"
음·식료품,2019,6,web,"336,297"
농축수산물,2019,6,web,"79,003"
생활용품,2019,6,web,"267,664"
자동차 및 자동차용품,2019,6,web,"39,230"
가구,2019,6,web,"93,606"
애완용품,2019,6,web,"22,063"
여행 및 교통서비스,2019,6,web,"612,674"
문화 및 레저서비스,2019,6,web,"110,917"
e쿠폰서비스,2019,6,web,"33,275"
음식서비스,2019,6,web,"52,192"
기타서비스,2019,6,web,"44,161"
기타,2019,6,web,"74,843"
컴퓨터 및 주변기기,2019,7,mobile,"171,823"
가전·전자·통신기기,2019,7,mobile,"708,286"
서적,2019,7,mobile,"66,886"
사무·문구,2019,7,mobile,"33,219"
의복,2019,7,mobile,"682,223"
신발,2019,7,mobile,"127,793"
가방,2019,7,mobile,"155,097"
패션용품 및 액세서리,2019,7,mobile,"161,154"
스포츠·레저용품,2019,7,mobile,"231,926"
화장품,2019,7,mobile,"589,441"
아동·유아용품,2019,7,mobile,"236,846"
음·식료품,2019,7,mobile,"734,948"
농축수산물,2019,7,mobile,"199,602"
생활용품,2019,7,mobile,"564,752"
자동차 및 자동차용품,2019,7,mobile,"58,536"
가구,2019,7,mobile,"173,145"
애완용품,2019,7,mobile,"55,767"
여행 및 교통서비스,2019,7,mobile,"994,070"
문화 및 레저서비스,2019,7,mobile,"122,460"
e쿠폰서비스,2019,7,mobile,"246,695"
음식서비스,2019,7,mobile,"773,268"
기타서비스,2019,7,mobile,"51,758"
기타,2019,7,mobile,"97,630"
컴퓨터 및 주변기기,2019,7,web,"271,299"
가전·전자·통신기기,2019,7,web,"522,133"
서적,2019,7,web,"89,520"
사무·문구,2019,7,web,"36,270"
의복,2019,7,web,"457,448"
신발,2019,7,web,"77,272"
가방,2019,7,web,"54,842"
패션용품 및 액세서리,2019,7,web,"70,801"
스포츠·레저용품,2019,7,web,"159,170"
화장품,2019,7,web,"397,100"
아동·유아용품,2019,7,web,"81,422"
음·식료품,2019,7,web,"358,010"
농축수산물,2019,7,web,"83,075"
생활용품,2019,7,web,"280,599"
자동차 및 자동차용품,2019,7,web,"38,768"
가구,2019,7,web,"93,750"
애완용품,2019,7,web,"22,177"
여행 및 교통서비스,2019,7,web,"657,421"
문화 및 레저서비스,2019,7,web,"93,469"
e쿠폰서비스,2019,7,web,"35,781"
음식서비스,2019,7,web,"55,648"
기타서비스,2019,7,web,"44,998"
기타,2019,7,web,"84,678"
컴퓨터 및 주변기기,2019,8,mobile,"178,221"
가전·전자·통신기기,2019,8,mobile,"687,235"
서적,2019,8,mobile,"65,476"
사무·문구,2019,8,mobile,"32,838"
의복,2019,8,mobile,"564,575"
신발,2019,8,mobile,"102,668"
가방,2019,8,mobile,"170,164"
패션용품 및 액세서리,2019,8,mobile,"146,760"
스포츠·레저용품,2019,8,mobile,"201,643"
화장품,2019,8,mobile,"606,331"
아동·유아용품,2019,8,mobile,"233,726"
음·식료품,2019,8,mobile,"808,494"
농축수산물,2019,8,mobile,"217,195"
생활용품,2019,8,mobile,"586,206"
자동차 및 자동차용품,2019,8,mobile,"61,443"
가구,2019,8,mobile,"186,216"
애완용품,2019,8,mobile,"55,364"
여행 및 교통서비스,2019,8,mobile,"1,034,627"
문화 및 레저서비스,2019,8,mobile,"123,257"
e쿠폰서비스,2019,8,mobile,"255,559"
음식서비스,2019,8,mobile,"857,555"
기타서비스,2019,8,mobile,"70,896"
기타,2019,8,mobile,"96,433"
컴퓨터 및 주변기기,2019,8,web,"269,744"
가전·전자·통신기기,2019,8,web,"511,230"
서적,2019,8,web,"88,775"
사무·문구,2019,8,web,"36,165"
의복,2019,8,web,"347,920"
신발,2019,8,web,"59,872"
가방,2019,8,web,"52,064"
패션용품 및 액세서리,2019,8,web,"65,641"
스포츠·레저용품,2019,8,web,"136,062"
화장품,2019,8,web,"433,334"
아동·유아용품,2019,8,web,"75,234"
음·식료품,2019,8,web,"407,028"
농축수산물,2019,8,web,"104,335"
생활용품,2019,8,web,"288,626"
자동차 및 자동차용품,2019,8,web,"50,770"
가구,2019,8,web,"93,136"
애완용품,2019,8,web,"21,988"
여행 및 교통서비스,2019,8,web,"658,142"
문화 및 레저서비스,2019,8,web,"96,812"
e쿠폰서비스,2019,8,web,"53,619"
음식서비스,2019,8,web,"59,450"
기타서비스,2019,8,web,"58,226"
기타,2019,8,web,"107,102"
컴퓨터 및 주변기기,2019,9,mobile,"174,623"
가전·전자·통신기기,2019,9,mobile,"634,009"
서적,2019,9,mobile,"65,084"
사무·문구,2019,9,mobile,"34,068"
의복,2019,9,mobile,"755,340"
신발,2019,9,mobile,"122,879"
가방,2019,9,mobile,"174,824"
패션용품 및 액세서리,2019,9,mobile,"146,480"
스포츠·레저용품,2019,9,mobile,"205,431"
화장품,2019,9,mobile,"618,749"
아동·유아용품,2019,9,mobile,"244,722"
음·식료품,2019,9,mobile,"823,544"
농축수산물,2019,9,mobile,"247,714"
생활용품,2019,9,mobile,"577,839"
자동차 및 자동차용품,2019,9,mobile,"74,993"
가구,2019,9,mobile,"199,190"
애완용품,2019,9,mobile,"57,337"
여행 및 교통서비스,2019,9,mobile,"836,955"
문화 및 레저서비스,2019,9,mobile,"83,400"
e쿠폰서비스,2019,9,mobile,"242,452"
음식서비스,2019,9,mobile,"799,765"
기타서비스,2019,9,mobile,"59,355"
기타,2019,9,mobile,"112,710"
컴퓨터 및 주변기기,2019,9,web,"261,053"
가전·전자·통신기기,2019,9,web,"462,355"
서적,2019,9,web,"82,034"
사무·문구,2019,9,web,"35,372"
의복,2019,9,web,"431,788"
신발,2019,9,web,"78,129"
가방,2019,9,web,"54,017"
패션용품 및 액세서리,2019,9,web,"65,576"
스포츠·레저용품,2019,9,web,"138,503"
화장품,2019,9,web,"483,892"
아동·유아용품,2019,9,web,"80,547"
음·식료품,2019,9,web,"410,214"
농축수산물,2019,9,web,"126,828"
생활용품,2019,9,web,"281,795"
자동차 및 자동차용품,2019,9,web,"94,800"
가구,2019,9,web,"92,330"
애완용품,2019,9,web,"25,333"
여행 및 교통서비스,2019,9,web,"533,192"
문화 및 레저서비스,2019,9,web,"83,251"
e쿠폰서비스,2019,9,web,"34,358"
음식서비스,2019,9,web,"55,127"
기타서비스,2019,9,web,"115,446"
기타,2019,9,web,"80,243"
컴퓨터 및 주변기기,2019,10,mobile,"170,182"
가전·전자·통신기기,2019,10,mobile,"674,287"
서적,2019,10,mobile,"58,084"
사무·문구,2019,10,mobile,"39,956"
의복,2019,10,mobile,"903,280"
신발,2019,10,mobile,"129,679"
가방,2019,10,mobile,"180,964"
패션용품 및 액세서리,2019,10,mobile,"142,827"
스포츠·레저용품,2019,10,mobile,"246,005"
화장품,2019,10,mobile,"655,866"
아동·유아용품,2019,10,mobile,"264,669"
음·식료품,2019,10,mobile,"827,011"
농축수산물,2019,10,mobile,"224,229"
생활용품,2019,10,mobile,"616,337"
자동차 및 자동차용품,2019,10,mobile,"64,363"
가구,2019,10,mobile,"223,859"
애완용품,2019,10,mobile,"63,472"
여행 및 교통서비스,2019,10,mobile,"888,311"
문화 및 레저서비스,2019,10,mobile,"91,494"
e쿠폰서비스,2019,10,mobile,"266,750"
음식서비스,2019,10,mobile,"854,572"
기타서비스,2019,10,mobile,"57,826"
기타,2019,10,mobile,"108,815"
컴퓨터 및 주변기기,2019,10,web,"274,936"
가전·전자·통신기기,2019,10,web,"525,905"
서적,2019,10,web,"75,696"
사무·문구,2019,10,web,"38,660"
의복,2019,10,web,"509,999"
신발,2019,10,web,"82,966"
가방,2019,10,web,"54,563"
패션용품 및 액세서리,2019,10,web,"63,501"
스포츠·레저용품,2019,10,web,"160,646"
화장품,2019,10,web,"502,379"
아동·유아용품,2019,10,web,"84,728"
음·식료품,2019,10,web,"363,472"
농축수산물,2019,10,web,"88,826"
생활용품,2019,10,web,"291,248"
자동차 및 자동차용품,2019,10,web,"42,339"
가구,2019,10,web,"100,944"
애완용품,2019,10,web,"25,295"
여행 및 교통서비스,2019,10,web,"598,342"
문화 및 레저서비스,2019,10,web,"115,207"
e쿠폰서비스,2019,10,web,"35,621"
음식서비스,2019,10,web,"59,150"
기타서비스,2019,10,web,"63,323"
기타,2019,10,web,"97,450"
컴퓨터 및 주변기기,2019,11,mobile,"221,639"
가전·전자·통신기기,2019,11,mobile,"789,341"
서적,2019,11,mobile,"63,125"
사무·문구,2019,11,mobile,"42,511"
의복,2019,11,mobile,"1,117,449"
신발,2019,11,mobile,"154,452"
가방,2019,11,mobile,"176,678"
패션용품 및 액세서리,2019,11,mobile,"153,004"
스포츠·레저용품,2019,11,mobile,"259,311"
화장품,2019,11,mobile,"680,151"
아동·유아용품,2019,11,mobile,"277,017"
음·식료품,2019,11,mobile,"838,922"
농축수산물,2019,11,mobile,"231,804"
생활용품,2019,11,mobile,"637,539"
자동차 및 자동차용품,2019,11,mobile,"67,121"
가구,2019,11,mobile,"223,689"
애완용품,2019,11,mobile,"62,941"
여행 및 교통서비스,2019,11,mobile,"889,622"
문화 및 레저서비스,2019,11,mobile,"118,599"
e쿠폰서비스,2019,11,mobile,"323,632"
음식서비스,2019,11,mobile,"965,853"
기타서비스,2019,11,mobile,"56,116"
기타,2019,11,mobile,"109,016"
컴퓨터 및 주변기기,2019,11,web,"306,368"
가전·전자·통신기기,2019,11,web,"568,012"
서적,2019,11,web,"84,329"
사무·문구,2019,11,web,"42,881"
의복,2019,11,web,"592,593"
신발,2019,11,web,"97,033"
가방,2019,11,web,"55,558"
패션용품 및 액세서리,2019,11,web,"63,314"
스포츠·레저용품,2019,11,web,"157,915"
화장품,2019,11,web,"530,197"
아동·유아용품,2019,11,web,"84,398"
음·식료품,2019,11,web,"359,235"
농축수산물,2019,11,web,"94,042"
생활용품,2019,11,web,"295,220"
자동차 및 자동차용품,2019,11,web,"92,297"
가구,2019,11,web,"105,773"
애완용품,2019,11,web,"23,474"
여행 및 교통서비스,2019,11,web,"607,963"
문화 및 레저서비스,2019,11,web,"88,214"
e쿠폰서비스,2019,11,web,"45,788"
음식서비스,2019,11,web,"61,128"
기타서비스,2019,11,web,"78,458"
기타,2019,11,web,"97,884"
컴퓨터 및 주변기기,2019,12,mobile,"214,960"
가전·전자·통신기기,2019,12,mobile,"694,448"
서적,2019,12,mobile,"79,550"
사무·문구,2019,12,mobile,"53,476"
의복,2019,12,mobile,"942,040"
신발,2019,12,mobile,"134,564"
가방,2019,12,mobile,"187,674"
패션용품 및 액세서리,2019,12,mobile,"172,999"
스포츠·레저용품,2019,12,mobile,"219,167"
화장품,2019,12,mobile,"700,083"
아동·유아용품,2019,12,mobile,"333,894"
음·식료품,2019,12,mobile,"840,785"
농축수산물,2019,12,mobile,"241,793"
생활용품,2019,12,mobile,"628,739"
자동차 및 자동차용품,2019,12,mobile,"66,041"
가구,2019,12,mobile,"219,652"
애완용품,2019,12,mobile,"62,290"
여행 및 교통서비스,2019,12,mobile,"977,716"
문화 및 레저서비스,2019,12,mobile,"116,169"
e쿠폰서비스,2019,12,mobile,"304,831"
음식서비스,2019,12,mobile,"991,679"
기타서비스,2019,12,mobile,"86,448"
기타,2019,12,mobile,"113,636"
컴퓨터 및 주변기기,2019,12,web,"339,917"
가전·전자·통신기기,2019,12,web,"518,944"
서적,2019,12,web,"99,281"
사무·문구,2019,12,web,"49,822"
의복,2019,12,web,"520,303"
신발,2019,12,web,"97,311"
가방,2019,12,web,"57,540"
패션용품 및 액세서리,2019,12,web,"69,366"
스포츠·레저용품,2019,12,web,"142,094"
화장품,2019,12,web,"492,965"
아동·유아용품,2019,12,web,"108,853"
음·식료품,2019,12,web,"376,396"
농축수산물,2019,12,web,"99,393"
생활용품,2019,12,web,"298,547"
자동차 및 자동차용품,2019,12,web,"49,755"
가구,2019,12,web,"104,115"
애완용품,2019,12,web,"24,735"
여행 및 교통서비스,2019,12,web,"641,388"
문화 및 레저서비스,2019,12,web,"68,436"
e쿠폰서비스,2019,12,web,"40,531"
음식서비스,2019,12,web,"67,608"
기타서비스,2019,12,web,"93,809"
기타,2019,12,web,"100,009"
컴퓨터 및 주변기기,2020,1,mobile,"238,309"
가전·전자·통신기기,2020,1,mobile,"685,416"
서적,2020,1,mobile,"82,439"
사무·문구,2020,1,mobile,"42,788"
의복,2020,1,mobile,"683,647"
신발,2020,1,mobile,"114,382"
가방,2020,1,mobile,"157,219"
패션용품 및 액세서리,2020,1,mobile,"142,129"
스포츠·레저용품,2020,1,mobile,"174,758"
화장품,2020,1,mobile,"652,755"
아동·유아용품,2020,1,mobile,"264,560"
음·식료품,2020,1,mobile,"997,631"
농축수산물,2020,1,mobile,"315,880"
생활용품,2020,1,mobile,"681,455"
자동차 및 자동차용품,2020,1,mobile,"65,217"
가구,2020,1,mobile,"208,218"
애완용품,2020,1,mobile,"63,714"
여행 및 교통서비스,2020,1,mobile,"972,843"
문화 및 레저서비스,2020,1,mobile,"102,660"
e쿠폰서비스,2020,1,mobile,"276,030"
음식서비스,2020,1,mobile,"997,216"
기타서비스,2020,1,mobile,"86,860"
기타,2020,1,mobile,"210,358"
컴퓨터 및 주변기기,2020,1,web,"301,925"
가전·전자·통신기기,2020,1,web,"448,582"
서적,2020,1,web,"88,986"
사무·문구,2020,1,web,"37,712"
의복,2020,1,web,"356,705"
신발,2020,1,web,"66,449"
가방,2020,1,web,"53,886"
패션용품 및 액세서리,2020,1,web,"59,017"
스포츠·레저용품,2020,1,web,"113,071"
화장품,2020,1,web,"470,823"
아동·유아용품,2020,1,web,"76,216"
음·식료품,2020,1,web,"419,658"
농축수산물,2020,1,web,"173,795"
생활용품,2020,1,web,"288,619"
자동차 및 자동차용품,2020,1,web,"48,998"
가구,2020,1,web,"92,291"
애완용품,2020,1,web,"21,426"
여행 및 교통서비스,2020,1,web,"593,641"
문화 및 레저서비스,2020,1,web,"60,597"
e쿠폰서비스,2020,1,web,"35,662"
음식서비스,2020,1,web,"66,544"
기타서비스,2020,1,web,"86,008"
기타,2020,1,web,"131,769"
컴퓨터 및 주변기기,2020,2,mobile,"278,782"
가전·전자·통신기기,2020,2,mobile,"784,721"
서적,2020,2,mobile,"88,641"
사무·문구,2020,2,mobile,"49,820"
의복,2020,2,mobile,"620,807"
신발,2020,2,mobile,"118,697"
가방,2020,2,mobile,"156,933"
패션용품 및 액세서리,2020,2,mobile,"129,232"
스포츠·레저용품,2020,2,mobile,"180,929"
화장품,2020,2,mobile,"620,778"
아동·유아용품,2020,2,mobile,"309,813"
음·식료품,2020,2,mobile,"1,069,156"
농축수산물,2020,2,mobile,"321,804"
생활용품,2020,2,mobile,"822,821"
자동차 및 자동차용품,2020,2,mobile,"78,169"
가구,2020,2,mobile,"252,348"
애완용품,2020,2,mobile,"65,049"
여행 및 교통서비스,2020,2,mobile,"459,690"
문화 및 레저서비스,2020,2,mobile,"35,845"
e쿠폰서비스,2020,2,mobile,"292,809"
음식서비스,2020,2,mobile,"1,066,239"
기타서비스,2020,2,mobile,"88,266"
기타,2020,2,mobile,"204,146"
컴퓨터 및 주변기기,2020,2,web,"329,884"
가전·전자·통신기기,2020,2,web,"549,920"
서적,2020,2,web,"101,893"
사무·문구,2020,2,web,"40,423"
의복,2020,2,web,"328,545"
신발,2020,2,web,"72,840"
가방,2020,2,web,"53,835"
패션용품 및 액세서리,2020,2,web,"54,856"
스포츠·레저용품,2020,2,web,"116,886"
화장품,2020,2,web,"427,818"
아동·유아용품,2020,2,web,"85,676"
음·식료품,2020,2,web,"413,773"
농축수산물,2020,2,web,"141,267"
생활용품,2020,2,web,"334,437"
자동차 및 자동차용품,2020,2,web,"83,451"
가구,2020,2,web,"115,771"
애완용품,2020,2,web,"20,749"
여행 및 교통서비스,2020,2,web,"248,216"
문화 및 레저서비스,2020,2,web,"29,753"
e쿠폰서비스,2020,2,web,"36,359"
음식서비스,2020,2,web,"69,027"
기타서비스,2020,2,web,"74,029"
기타,2020,2,web,"121,032"
컴퓨터 및 주변기기,2020,3,mobile,"304,573"
가전·전자·통신기기,2020,3,mobile,"826,010"
서적,2020,3,mobile,"123,680"
사무·문구,2020,3,mobile,"51,998"
의복,2020,3,mobile,"782,030"
신발,2020,3,mobile,"138,803"
가방,2020,3,mobile,"168,962"
패션용품 및 액세서리,2020,3,mobile,"128,844"
스포츠·레저용품,2020,3,mobile,"234,317"
화장품,2020,3,mobile,"450,057"
아동·유아용품,2020,3,mobile,"328,583"
음·식료품,2020,3,mobile,"1,203,192"
농축수산물,2020,3,mobile,"390,677"
생활용품,2020,3,mobile,"903,970"
자동차 및 자동차용품,2020,3,mobile,"87,503"
가구,2020,3,mobile,"308,180"
애완용품,2020,3,mobile,"68,810"
여행 및 교통서비스,2020,3,mobile,"254,940"
문화 및 레저서비스,2020,3,mobile,"16,582"
e쿠폰서비스,2020,3,mobile,"304,032"
음식서비스,2020,3,mobile,"1,179,983"
기타서비스,2020,3,mobile,"38,638"
기타,2020,3,mobile,"190,282"
컴퓨터 및 주변기기,2020,3,web,"377,158"
가전·전자·통신기기,2020,3,web,"582,588"
서적,2020,3,web,"138,724"
사무·문구,2020,3,web,"38,970"
의복,2020,3,web,"391,349"
신발,2020,3,web,"88,467"
가방,2020,3,web,"51,586"
패션용품 및 액세서리,2020,3,web,"56,456"
스포츠·레저용품,2020,3,web,"135,097"
화장품,2020,3,web,"530,855"
아동·유아용품,2020,3,web,"89,378"
음·식료품,2020,3,web,"437,677"
농축수산물,2020,3,web,"136,459"
생활용품,2020,3,web,"361,472"
자동차 및 자동차용품,2020,3,web,"124,634"
가구,2020,3,web,"131,584"
애완용품,2020,3,web,"22,744"
여행 및 교통서비스,2020,3,web,"72,816"
문화 및 레저서비스,2020,3,web,"20,922"
e쿠폰서비스,2020,3,web,"49,142"
음식서비스,2020,3,web,"72,413"
기타서비스,2020,3,web,"40,834"
기타,2020,3,web,"139,372"
컴퓨터 및 주변기기,2020,4,mobile,"280,447"
가전·전자·통신기기,2020,4,mobile,"767,352"
서적,2020,4,mobile,"98,270"
사무·문구,2020,4,mobile,"46,965"
의복,2020,4,mobile,"751,587"
신발,2020,4,mobile,"134,375"
가방,2020,4,mobile,"149,861"
패션용품 및 액세서리,2020,4,mobile,"116,162"
스포츠·레저용품,2020,4,mobile,"275,653"
화장품,2020,4,mobile,"365,424"
아동·유아용품,2020,4,mobile,"312,823"
음·식료품,2020,4,mobile,"1,105,314"
농축수산물,2020,4,mobile,"338,417"
생활용품,2020,4,mobile,"764,902"
자동차 및 자동차용품,2020,4,mobile,"84,478"
가구,2020,4,mobile,"283,403"
애완용품,2020,4,mobile,"67,818"
여행 및 교통서비스,2020,4,mobile,"342,227"
문화 및 레저서비스,2020,4,mobile,"20,416"
e쿠폰서비스,2020,4,mobile,"298,651"
음식서비스,2020,4,mobile,"1,185,478"
기타서비스,2020,4,mobile,"70,880"
기타,2020,4,mobile,"149,633"
컴퓨터 및 주변기기,2020,4,web,"354,329"
가전·전자·통신기기,2020,4,web,"566,950"
서적,2020,4,web,"107,302"
사무·문구,2020,4,web,"36,508"
의복,2020,4,web,"410,800"
신발,2020,4,web,"92,270"
가방,2020,4,web,"50,182"
패션용품 및 액세서리,2020,4,web,"54,101"
스포츠·레저용품,2020,4,web,"163,511"
화장품,2020,4,web,"594,926"
아동·유아용품,2020,4,web,"99,064"
음·식료품,2020,4,web,"418,214"
농축수산물,2020,4,web,"140,946"
생활용품,2020,4,web,"343,934"
자동차 및 자동차용품,2020,4,web,"49,515"
가구,2020,4,web,"126,052"
애완용품,2020,4,web,"23,105"
여행 및 교통서비스,2020,4,web,"100,055"
문화 및 레저서비스,2020,4,web,"26,871"
e쿠폰서비스,2020,4,web,"40,301"
음식서비스,2020,4,web,"77,609"
기타서비스,2020,4,web,"59,250"
기타,2020,4,web,"107,497"
컴퓨터 및 주변기기,2020,5,mobile,"246,569"
가전·전자·통신기기,2020,5,mobile,"942,818"
서적,2020,5,mobile,"77,605"
사무·문구,2020,5,mobile,"47,679"
의복,2020,5,mobile,"887,471"
신발,2020,5,mobile,"170,792"
가방,2020,5,mobile,"173,519"
패션용품 및 액세서리,2020,5,mobile,"134,693"
스포츠·레저용품,2020,5,mobile,"319,037"
화장품,2020,5,mobile,"410,641"
아동·유아용품,2020,5,mobile,"323,628"
음·식료품,2020,5,mobile,"1,085,139"
농축수산물,2020,5,mobile,"321,211"
생활용품,2020,5,mobile,"826,618"
자동차 및 자동차용품,2020,5,mobile,"94,084"
가구,2020,5,mobile,"282,845"
애완용품,2020,5,mobile,"69,205"
여행 및 교통서비스,2020,5,mobile,"434,106"
문화 및 레저서비스,2020,5,mobile,"36,162"
e쿠폰서비스,2020,5,mobile,"299,199"
음식서비스,2020,5,mobile,"1,232,449"
기타서비스,2020,5,mobile,"56,747"
기타,2020,5,mobile,"213,462"
컴퓨터 및 주변기기,2020,5,web,"337,425"
가전·전자·통신기기,2020,5,web,"605,211"
서적,2020,5,web,"92,404"
사무·문구,2020,5,web,"36,296"
의복,2020,5,web,"455,932"
신발,2020,5,web,"113,343"
가방,2020,5,web,"52,643"
패션용품 및 액세서리,2020,5,web,"60,071"
스포츠·레저용품,2020,5,web,"176,331"
화장품,2020,5,web,"522,392"
아동·유아용품,2020,5,web,"91,002"
음·식료품,2020,5,web,"394,341"
농축수산물,2020,5,web,"112,419"
생활용품,2020,5,web,"352,541"
자동차 및 자동차용품,2020,5,web,"49,775"
가구,2020,5,web,"124,275"
애완용품,2020,5,web,"21,840"
여행 및 교통서비스,2020,5,web,"130,938"
문화 및 레저서비스,2020,5,web,"39,249"
e쿠폰서비스,2020,5,web,"45,509"
음식서비스,2020,5,web,"88,288"
기타서비스,2020,5,web,"47,108"
기타,2020,5,web,"113,331"
컴퓨터 및 주변기기,2020,6,mobile,"210,993"
가전·전자·통신기기,2020,6,mobile,"927,580"
서적,2020,6,mobile,"79,271"
사무·문구,2020,6,mobile,"44,571"
의복,2020,6,mobile,"871,165"
신발,2020,6,mobile,"165,119"
가방,2020,6,mobile,"186,234"
패션용품 및 액세서리,2020,6,mobile,"136,218"
스포츠·레저용품,2020,6,mobile,"316,903"
화장품,2020,6,mobile,"414,836"
아동·유아용품,2020,6,mobile,"293,868"
음·식료품,2020,6,mobile,"1,036,453"
농축수산물,2020,6,mobile,"304,447"
생활용품,2020,6,mobile,"833,898"
자동차 및 자동차용품,2020,6,mobile,"95,622"
가구,2020,6,mobile,"279,513"
애완용품,2020,6,mobile,"66,741"
여행 및 교통서비스,2020,6,mobile,"458,177"
문화 및 레저서비스,2020,6,mobile,"31,763"
e쿠폰서비스,2020,6,mobile,"271,653"
음식서비스,2020,6,mobile,"1,184,977"
기타서비스,2020,6,mobile,"56,611"
기타,2020,6,mobile,"184,027"
컴퓨터 및 주변기기,2020,6,web,"314,965"
가전·전자·통신기기,2020,6,web,"591,071"
서적,2020,6,web,"91,448"
사무·문구,2020,6,web,"37,294"
의복,2020,6,web,"452,153"
신발,2020,6,web,"119,166"
가방,2020,6,web,"54,894"
패션용품 및 액세서리,2020,6,web,"56,909"
스포츠·레저용품,2020,6,web,"177,942"
화장품,2020,6,web,"568,161"
아동·유아용품,2020,6,web,"85,743"
음·식료품,2020,6,web,"407,969"
농축수산물,2020,6,web,"129,635"
생활용품,2020,6,web,"361,947"
자동차 및 자동차용품,2020,6,web,"165,844"
가구,2020,6,web,"125,034"
애완용품,2020,6,web,"21,824"
여행 및 교통서비스,2020,6,web,"149,162"
문화 및 레저서비스,2020,6,web,"39,387"
e쿠폰서비스,2020,6,web,"42,651"
음식서비스,2020,6,web,"68,416"
기타서비스,2020,6,web,"53,827"
기타,2020,6,web,"112,276"
컴퓨터 및 주변기기,2020,7,mobile,"240,302"
가전·전자·통신기기,2020,7,mobile,"842,591"
서적,2020,7,mobile,"88,038"
사무·문구,2020,7,mobile,"46,552"
의복,2020,7,mobile,"718,354"
신발,2020,7,mobile,"145,265"
가방,2020,7,mobile,"183,858"
패션용품 및 액세서리,2020,7,mobile,"144,458"
스포츠·레저용품,2020,7,mobile,"327,468"
화장품,2020,7,mobile,"404,300"
아동·유아용품,2020,7,mobile,"297,078"
음·식료품,2020,7,mobile,"1,148,604"
농축수산물,2020,7,mobile,"327,982"
생활용품,2020,7,mobile,"878,804"
자동차 및 자동차용품,2020,7,mobile,"102,898"
가구,2020,7,mobile,"266,893"
애완용품,2020,7,mobile,"73,843"
여행 및 교통서비스,2020,7,mobile,"615,014"
문화 및 레저서비스,2020,7,mobile,"53,281"
e쿠폰서비스,2020,7,mobile,"275,542"
음식서비스,2020,7,mobile,"1,305,390"
기타서비스,2020,7,mobile,"63,903"
기타,2020,7,mobile,"202,260"
컴퓨터 및 주변기기,2020,7,web,"360,071"
가전·전자·통신기기,2020,7,web,"548,307"
서적,2020,7,web,"99,074"
사무·문구,2020,7,web,"38,493"
의복,2020,7,web,"387,194"
신발,2020,7,web,"101,115"
가방,2020,7,web,"56,190"
패션용품 및 액세서리,2020,7,web,"63,934"
스포츠·레저용품,2020,7,web,"184,496"
화장품,2020,7,web,"600,236"
아동·유아용품,2020,7,web,"86,980"
음·식료품,2020,7,web,"442,216"
농축수산물,2020,7,web,"152,434"
생활용품,2020,7,web,"348,794"
자동차 및 자동차용품,2020,7,web,"55,980"
가구,2020,7,web,"123,146"
애완용품,2020,7,web,"23,012"
여행 및 교통서비스,2020,7,web,"190,696"
문화 및 레저서비스,2020,7,web,"47,475"
e쿠폰서비스,2020,7,web,"61,011"
음식서비스,2020,7,web,"73,165"
기타서비스,2020,7,web,"54,604"
기타,2020,7,web,"115,544"
컴퓨터 및 주변기기,2020,8,mobile,"261,989"
가전·전자·통신기기,2020,8,mobile,"1,030,839"
서적,2020,8,mobile,"96,318"
사무·문구,2020,8,mobile,"43,626"
의복,2020,8,mobile,"587,937"
신발,2020,8,mobile,"120,118"
가방,2020,8,mobile,"175,686"
패션용품 및 액세서리,2020,8,mobile,"134,442"
스포츠·레저용품,2020,8,mobile,"278,661"
화장품,2020,8,mobile,"402,403"
아동·유아용품,2020,8,mobile,"299,524"
음·식료품,2020,8,mobile,"1,216,328"
농축수산물,2020,8,mobile,"365,015"
생활용품,2020,8,mobile,"944,770"
자동차 및 자동차용품,2020,8,mobile,"99,520"
가구,2020,8,mobile,"293,284"
애완용품,2020,8,mobile,"72,051"
여행 및 교통서비스,2020,8,mobile,"611,093"
문화 및 레저서비스,2020,8,mobile,"45,161"
e쿠폰서비스,2020,8,mobile,"303,874"
음식서비스,2020,8,mobile,"1,592,008"
기타서비스,2020,8,mobile,"96,286"
기타,2020,8,mobile,"258,180"
컴퓨터 및 주변기기,2020,8,web,"317,309"
가전·전자·통신기기,2020,8,web,"606,195"
서적,2020,8,web,"106,634"
사무·문구,2020,8,web,"31,482"
의복,2020,8,web,"327,626"
신발,2020,8,web,"82,165"
가방,2020,8,web,"50,340"
패션용품 및 액세서리,2020,8,web,"53,664"
스포츠·레저용품,2020,8,web,"142,115"
화장품,2020,8,web,"679,461"
아동·유아용품,2020,8,web,"77,828"
음·식료품,2020,8,web,"424,877"
농축수산물,2020,8,web,"144,810"
생활용품,2020,8,web,"338,954"
자동차 및 자동차용품,2020,8,web,"103,666"
가구,2020,8,web,"121,066"
애완용품,2020,8,web,"21,052"
여행 및 교통서비스,2020,8,web,"185,124"
문화 및 레저서비스,2020,8,web,"36,692"
e쿠폰서비스,2020,8,web,"46,254"
음식서비스,2020,8,web,"84,628"
기타서비스,2020,8,web,"71,564"
기타,2020,8,web,"113,773"
컴퓨터 및 주변기기,2020,9,mobile,"266,509"
가전·전자·통신기기,2020,9,mobile,"889,874"
서적,2020,9,mobile,"105,396"
사무·문구,2020,9,mobile,"49,505"
의복,2020,9,mobile,"744,125"
신발,2020,9,mobile,"128,754"
가방,2020,9,mobile,"174,129"
패션용품 및 액세서리,2020,9,mobile,"117,317"
스포츠·레저용품,2020,9,mobile,"302,901"
화장품,2020,9,mobile,"440,750"
아동·유아용품,2020,9,mobile,"308,491"
음·식료품,2020,9,mobile,"1,459,915"
농축수산물,2020,9,mobile,"503,688"
생활용품,2020,9,mobile,"904,018"
자동차 및 자동차용품,2020,9,mobile,"97,959"
가구,2020,9,mobile,"320,242"
애완용품,2020,9,mobile,"74,400"
여행 및 교통서비스,2020,9,mobile,"431,356"
문화 및 레저서비스,2020,9,mobile,"30,579"
e쿠폰서비스,2020,9,mobile,"351,585"
음식서비스,2020,9,mobile,"1,529,446"
기타서비스,2020,9,mobile,"60,981"
기타,2020,9,mobile,"180,287"
컴퓨터 및 주변기기,2020,9,web,"340,378"
가전·전자·통신기기,2020,9,web,"526,924"
서적,2020,9,web,"115,167"
사무·문구,2020,9,web,"37,859"
의복,2020,9,web,"405,174"
신발,2020,9,web,"87,578"
가방,2020,9,web,"49,430"
패션용품 및 액세서리,2020,9,web,"48,240"
스포츠·레저용품,2020,9,web,"155,087"
화장품,2020,9,web,"633,462"
아동·유아용품,2020,9,web,"86,070"
음·식료품,2020,9,web,"572,914"
농축수산물,2020,9,web,"229,345"
생활용품,2020,9,web,"348,788"
자동차 및 자동차용품,2020,9,web,"120,173"
가구,2020,9,web,"132,334"
애완용품,2020,9,web,"21,958"
여행 및 교통서비스,2020,9,web,"123,273"
문화 및 레저서비스,2020,9,web,"31,572"
e쿠폰서비스,2020,9,web,"50,051"
음식서비스,2020,9,web,"74,125"
기타서비스,2020,9,web,"85,448"
기타,2020,9,web,"110,072"
컴퓨터 및 주변기기,2020,10,mobile,"227,738"
가전·전자·통신기기,2020,10,mobile,"986,053"
서적,2020,10,mobile,"79,516"
사무·문구,2020,10,mobile,"53,193"
의복,2020,10,mobile,"1,053,679"
신발,2020,10,mobile,"155,518"
가방,2020,10,mobile,"185,255"
패션용품 및 액세서리,2020,10,mobile,"121,415"
스포츠·레저용품,2020,10,mobile,"372,247"
화장품,2020,10,mobile,"441,619"
아동·유아용품,2020,10,mobile,"311,686"
음·식료품,2020,10,mobile,"1,217,403"
농축수산물,2020,10,mobile,"365,581"
생활용품,2020,10,mobile,"866,070"
자동차 및 자동차용품,2020,10,mobile,"93,194"
가구,2020,10,mobile,"322,488"
애완용품,2020,10,mobile,"76,057"
여행 및 교통서비스,2020,10,mobile,"521,749"
문화 및 레저서비스,2020,10,mobile,"51,033"
e쿠폰서비스,2020,10,mobile,"298,375"
음식서비스,2020,10,mobile,"1,477,912"
기타서비스,2020,10,mobile,"57,834"
기타,2020,10,mobile,"168,140"
컴퓨터 및 주변기기,2020,10,web,"323,962"
가전·전자·통신기기,2020,10,web,"626,691"
서적,2020,10,web,"90,674"
사무·문구,2020,10,web,"41,280"
의복,2020,10,web,"544,156"
신발,2020,10,web,"100,509"
가방,2020,10,web,"49,545"
패션용품 및 액세서리,2020,10,web,"47,449"
스포츠·레저용품,2020,10,web,"190,829"
화장품,2020,10,web,"590,253"
아동·유아용품,2020,10,web,"84,436"
음·식료품,2020,10,web,"431,807"
농축수산물,2020,10,web,"129,079"
생활용품,2020,10,web,"337,699"
자동차 및 자동차용품,2020,10,web,"60,263"
가구,2020,10,web,"133,811"
애완용품,2020,10,web,"24,619"
여행 및 교통서비스,2020,10,web,"168,635"
문화 및 레저서비스,2020,10,web,"51,228"
e쿠폰서비스,2020,10,web,"58,275"
음식서비스,2020,10,web,"68,387"
기타서비스,2020,10,web,"107,462"
기타,2020,10,web,"119,404"
컴퓨터 및 주변기기,2020,11,mobile,"286,321"
가전·전자·통신기기,2020,11,mobile,"1,146,215"
서적,2020,11,mobile,"93,638"
사무·문구,2020,11,mobile,"57,155"
의복,2020,11,mobile,"1,128,543"
신발,2020,11,mobile,"176,927"
가방,2020,11,mobile,"191,000"
패션용품 및 액세서리,2020,11,mobile,"129,181"
스포츠·레저용품,2020,11,mobile,"356,150"
화장품,2020,11,mobile,"486,511"
아동·유아용품,2020,11,mobile,"311,410"
음·식료품,2020,11,mobile,"1,289,991"
농축수산물,2020,11,mobile,"376,431"
생활용품,2020,11,mobile,"899,288"
자동차 및 자동차용품,2020,11,mobile,"121,261"
가구,2020,11,mobile,"315,001"
애완용품,2020,11,mobile,"75,784"
여행 및 교통서비스,2020,11,mobile,"524,515"
문화 및 레저서비스,2020,11,mobile,"40,525"
e쿠폰서비스,2020,11,mobile,"340,209"
음식서비스,2020,11,mobile,"1,572,472"
기타서비스,2020,11,mobile,"72,186"
기타,2020,11,mobile,"200,252"
컴퓨터 및 주변기기,2020,11,web,"362,768"
가전·전자·통신기기,2020,11,web,"783,551"
서적,2020,11,web,"103,428"
사무·문구,2020,11,web,"45,514"
의복,2020,11,web,"629,357"
신발,2020,11,web,"115,314"
가방,2020,11,web,"56,394"
패션용품 및 액세서리,2020,11,web,"54,549"
스포츠·레저용품,2020,11,web,"194,039"
화장품,2020,11,web,"647,938"
아동·유아용품,2020,11,web,"98,064"
음·식료품,2020,11,web,"473,214"
농축수산물,2020,11,web,"140,846"
생활용품,2020,11,web,"351,345"
자동차 및 자동차용품,2020,11,web,"96,470"
가구,2020,11,web,"138,798"
애완용품,2020,11,web,"25,048"
여행 및 교통서비스,2020,11,web,"172,017"
문화 및 레저서비스,2020,11,web,"31,431"
e쿠폰서비스,2020,11,web,"58,307"
음식서비스,2020,11,web,"70,115"
기타서비스,2020,11,web,"60,947"
기타,2020,11,web,"130,998"
컴퓨터 및 주변기기,2020,12,mobile,"325,899"
가전·전자·통신기기,2020,12,mobile,"1,144,449"
서적,2020,12,mobile,"127,634"
사무·문구,2020,12,mobile,"75,978"
의복,2020,12,mobile,"974,699"
신발,2020,12,mobile,"158,830"
가방,2020,12,mobile,"194,812"
패션용품 및 액세서리,2020,12,mobile,"151,922"
스포츠·레저용품,2020,12,mobile,"312,926"
화장품,2020,12,mobile,"517,825"
아동·유아용품,2020,12,mobile,"412,937"
음·식료품,2020,12,mobile,"1,478,857"
농축수산물,2020,12,mobile,"477,308"
생활용품,2020,12,mobile,"1,013,666"
자동차 및 자동차용품,2020,12,mobile,"125,728"
가구,2020,12,mobile,"347,823"
애완용품,2020,12,mobile,"83,563"
여행 및 교통서비스,2020,12,mobile,"372,483"
문화 및 레저서비스,2020,12,mobile,"7,813"
e쿠폰서비스,2020,12,mobile,"378,919"
음식서비스,2020,12,mobile,"2,110,493"
기타서비스,2020,12,mobile,"66,875"
기타,2020,12,mobile,"212,305"
컴퓨터 및 주변기기,2020,12,web,"460,931"
가전·전자·통신기기,2020,12,web,"728,265"
서적,2020,12,web,"138,813"
사무·문구,2020,12,web,"55,776"
의복,2020,12,web,"522,339"
신발,2020,12,web,"112,607"
가방,2020,12,web,"53,679"
패션용품 및 액세서리,2020,12,web,"59,215"
스포츠·레저용품,2020,12,web,"168,259"
화장품,2020,12,web,"556,827"
아동·유아용품,2020,12,web,"120,797"
음·식료품,2020,12,web,"534,739"
농축수산물,2020,12,web,"173,628"
생활용품,2020,12,web,"396,384"
자동차 및 자동차용품,2020,12,web,"80,065"
가구,2020,12,web,"150,034"
애완용품,2020,12,web,"25,202"
여행 및 교통서비스,2020,12,web,"101,961"
문화 및 레저서비스,2020,12,web,"5,577"
e쿠폰서비스,2020,12,web,"51,820"
음식서비스,2020,12,web,"86,835"
기타서비스,2020,12,web,"78,572"
기타,2020,12,web,"155,136"
컴퓨터 및 주변기기,2021,1,mobile,"343,664"
가전·전자·통신기기,2021,1,mobile,"1,175,808"
서적,2021,1,mobile,"131,758"
사무·문구,2021,1,mobile,"58,932"
의복,2021,1,mobile,"721,019"
신발,2021,1,mobile,"115,948"
가방,2021,1,mobile,"181,101"
패션용품 및 액세서리,2021,1,mobile,"129,486"
스포츠·레저용품,2021,1,mobile,"260,243"
화장품,2021,1,mobile,"501,187"
아동·유아용품,2021,1,mobile,"326,787"
음·식료품,2021,1,mobile,"1,590,713"
농축수산물,2021,1,mobile,"538,740"
생활용품,2021,1,mobile,"950,970"
자동차 및 자동차용품,2021,1,mobile,"110,109"
가구,2021,1,mobile,"348,700"
애완용품,2021,1,mobile,"82,060"
여행 및 교통서비스,2021,1,mobile,"405,916"
문화 및 레저서비스,2021,1,mobile,"22,273"
e쿠폰서비스,2021,1,mobile,"383,584"
음식서비스,2021,1,mobile,"1,962,140"
기타서비스,2021,1,mobile,"90,464"
기타,2021,1,mobile,"169,868"
컴퓨터 및 주변기기,2021,1,web,"447,354"
가전·전자·통신기기,2021,1,web,"697,320"
서적,2021,1,web,"127,000"
사무·문구,2021,1,web,"40,162"
의복,2021,1,web,"369,690"
신발,2021,1,web,"86,437"
가방,2021,1,web,"47,063"
패션용품 및 액세서리,2021,1,web,"48,466"
스포츠·레저용품,2021,1,web,"132,979"
화장품,2021,1,web,"579,430"
아동·유아용품,2021,1,web,"85,106"
음·식료품,2021,1,web,"574,766"
농축수산물,2021,1,web,"211,216"
생활용품,2021,1,web,"357,099"
자동차 및 자동차용품,2021,1,web,"45,394"
가구,2021,1,web,"142,632"
애완용품,2021,1,web,"22,897"
여행 및 교통서비스,2021,1,web,"92,628"
문화 및 레저서비스,2021,1,web,"12,042"
e쿠폰서비스,2021,1,web,"56,896"
음식서비스,2021,1,web,"68,899"
기타서비스,2021,1,web,"77,984"
기타,2021,1,web,"144,348"
컴퓨터 및 주변기기,2021,2,mobile,"342,479"
가전·전자·통신기기,2021,2,mobile,"1,064,770"
서적,2021,2,mobile,"104,616"
사무·문구,2021,2,mobile,"54,137"
의복,2021,2,mobile,"681,389"
신발,2021,2,mobile,"127,604"
가방,2021,2,mobile,"188,562"
패션용품 및 액세서리,2021,2,mobile,"120,746"
스포츠·레저용품,2021,2,mobile,"242,553"
화장품,2021,2,mobile,"463,196"
아동·유아용품,2021,2,mobile,"300,755"
음·식료품,2021,2,mobile,"1,369,859"
농축수산물,2021,2,mobile,"451,228"
생활용품,2021,2,mobile,"838,681"
자동차 및 자동차용품,2021,2,mobile,"93,827"
가구,2021,2,mobile,"323,447"
애완용품,2021,2,mobile,"73,279"
여행 및 교통서비스,2021,2,mobile,"449,886"
문화 및 레저서비스,2021,2,mobile,"48,369"
e쿠폰서비스,2021,2,mobile,"332,834"
음식서비스,2021,2,mobile,"1,806,835"
기타서비스,2021,2,mobile,"100,385"
기타,2021,2,mobile,"154,459"
컴퓨터 및 주변기기,2021,2,web,"438,236"
가전·전자·통신기기,2021,2,web,"583,896"
서적,2021,2,web,"108,834"
사무·문구,2021,2,web,"40,041"
의복,2021,2,web,"321,473"
신발,2021,2,web,"82,177"
가방,2021,2,web,"48,751"
패션용품 및 액세서리,2021,2,web,"42,826"
스포츠·레저용품,2021,2,web,"120,338"
화장품,2021,2,web,"440,241"
아동·유아용품,2021,2,web,"79,290"
음·식료품,2021,2,web,"509,439"
농축수산물,2021,2,web,"193,415"
생활용품,2021,2,web,"321,053"
자동차 및 자동차용품,2021,2,web,"60,954"
가구,2021,2,web,"127,538"
애완용품,2021,2,web,"20,063"
여행 및 교통서비스,2021,2,web,"125,908"
문화 및 레저서비스,2021,2,web,"28,330"
e쿠폰서비스,2021,2,web,"53,893"
음식서비스,2021,2,web,"61,654"
기타서비스,2021,2,web,"80,481"
기타,2021,2,web,"108,870"
컴퓨터 및 주변기기,2021,3,mobile,"326,465"
가전·전자·통신기기,2021,3,mobile,"1,088,058"
서적,2021,3,mobile,"128,673"
사무·문구,2021,3,mobile,"62,225"
의복,2021,3,mobile,"977,992"
신발,2021,3,mobile,"177,532"
가방,2021,3,mobile,"224,121"
패션용품 및 액세서리,2021,3,mobile,"142,129"
스포츠·레저용품,2021,3,mobile,"335,630"
화장품,2021,3,mobile,"518,274"
아동·유아용품,2021,3,mobile,"340,884"
음·식료품,2021,3,mobile,"1,459,955"
농축수산물,2021,3,mobile,"441,000"
생활용품,2021,3,mobile,"947,250"
자동차 및 자동차용품,2021,3,mobile,"108,431"
가구,2021,3,mobile,"365,053"
애완용품,2021,3,mobile,"82,125"
여행 및 교통서비스,2021,3,mobile,"491,201"
문화 및 레저서비스,2021,3,mobile,"54,335"
e쿠폰서비스,2021,3,mobile,"381,150"
음식서비스,2021,3,mobile,"1,972,286"
기타서비스,2021,3,mobile,"146,820"
기타,2021,3,mobile,"209,974"
컴퓨터 및 주변기기,2021,3,web,"533,564"
가전·전자·통신기기,2021,3,web,"630,670"
서적,2021,3,web,"141,767"
사무·문구,2021,3,web,"50,337"
의복,2021,3,web,"482,893"
신발,2021,3,web,"125,887"
가방,2021,3,web,"57,511"
패션용품 및 액세서리,2021,3,web,"52,576"
스포츠·레저용품,2021,3,web,"170,335"
화장품,2021,3,web,"531,752"
아동·유아용품,2021,3,web,"89,061"
음·식료품,2021,3,web,"527,744"
농축수산물,2021,3,web,"160,613"
생활용품,2021,3,web,"371,256"
자동차 및 자동차용품,2021,3,web,"241,728"
가구,2021,3,web,"154,604"
애완용품,2021,3,web,"22,976"
여행 및 교통서비스,2021,3,web,"141,071"
문화 및 레저서비스,2021,3,web,"32,468"
e쿠폰서비스,2021,3,web,"71,450"
음식서비스,2021,3,web,"61,016"
기타서비스,2021,3,web,"113,167"
기타,2021,3,web,"144,790"